1,0.010799104,-0.034862826,0.108394952,0.040353892,-0.060257171,0.083270361,0.007205621,0.067104087,0.007455869,-0.07083277,0.091294939,-0.0554109,-0.035938961,-0.052222321,0.09565853,-0.045551937,0.013742414,-0.025944518,0.030709443,-0.042045391,-0.025881445,0.087520733,-0.013202798,0.008246755,0.068186045,-0.057588775,0.027121743,0.080875335,-0.045863789,-0.036181219,0.046296144,0.053479552,-0.012735309,0.051374065,0.063270781,0.159508088,0.018271905,0.106499188,0.002827459,0.027504717,-0.034863377,-0.040547842,-0.006229294,0.040143157,-0.004588985,-0.048639703,-0.006688925,-0.046620937,0.131411645,0.060734822,-0.037369899,-0.017581228,0.027115195,0.012759556,0.103402054,0.110522396,-0.02313309,0.050456141,-0.002274008,-0.072907919,0.011350015,0.119822827,0.042959642,0.068028369,0.100330052,0.035879274,0.122598062,-0.003891031,0.083084618,0.094612513,0.052082512,0.03564752,-0.048154913,0.006392276,-0.028511702,-0.004961703,0.041536571,0.048695309,0.007635818,0.022700571,0.041541453,0.077079344,-0.03574306,0.058119002,-0.005772257,0.052271819,-0.044937394
0.010799104,1,-0.026015132,-0.026590876,0.01236235,0.016396132,-0.013324911,-0.039627295,-0.062415667,0.007419925,-0.051223238,-0.013877299,-0.010550521,0.120026467,-0.004552698,0.025128058,-0.005900958,-0.056048229,-0.154953141,-0.018191928,0.021898028,-0.016802573,0.04721615,-0.02181048,0.042567267,-0.023061493,-0.03744857,-0.004136956,-0.004332385,0.040389659,0.011565254,-0.01305695,0.012259153,0.057331012,0.058911455,-0.050795187,-0.049352831,-0.086496843,0.067320067,-0.013048898,0.001827138,0.108298404,0.017985888,0.039850197,-0.002222614,0.018435513,0.103332043,0.035190134,0.022904205,0.08621458,0.055410095,-0.015571477,0.047261328,-0.062646249,-0.05885018,-0.014964256,0.045105916,-0.073063996,-0.031321976,0.041304978,-0.00154078,0.036158723,0.013023466,-0.004823409,0.027936196,0.036982957,0.032438752,0.062252583,0.037447316,0.023563575,0.002302599,-0.006042582,0.015082563,-0.086324412,0.013280909,-0.084107693,-0.004923921,-0.050608867,0.00663729,0.074710659,0.021767187,-0.035126849,0.063993448,0.006569971,-0.032866424,0.004676084,0.026776863,-0.006301808
-0.034862826,-0.026015132,1,0.022503795,0.059326269,0.072809142,-0.007182982,0.109410484,0.022451999,-0.027717554,0.052491873,0.000981598,-0.014337438,0.020198126,-0.011145839,-0.0937425,-0.032935562,0.040795178,0.095954519,-0.043473604,0.049605306,0.010359544,-0.042988981,0.02895005,0.054871813,0.069858681,0.017500472,0.018064831,0.021903611,0.044657769,0.056020287,0.017101204,0.140504152,-0.010745873,-0.020758121,-0.099639884,0.060388341,0.036914317,0.058085796,-0.06031122,-0.021216791,-0.006138922,-0.025087872,-0.077191423,0.014324996,0.000116122,-0.059915782,-0.021654994,-0.030490897,-0.035767384,-0.01958281,-0.050012369,0.027406062,0.112585263,-0.01960469,-0.047985548,0.01076505,0.00222284,0.024953657,-0.048842624,0.033436046,-0.077718549,0.016661785,-0.018363336,0.045655952,-0.052534642,0.041090104,-0.075086286,-0.043034365,-0.069700711,-0.019480232,-0.070108669,-0.005979281,0.085414812,0.077782806,0.023846061,0.041986526,0.031290583,0.026781925,0.044516223,0.053742215,0.003151428,0.026676365,0.023484895,0.002441584,-0.008547118,-0.06416079,-0.014343533
0.108394952,-0.026590876,0.022503795,1,0.032693926,0.030344717,0.113179782,0.038670439,0.100581585,0.028181319,0.055206341,0.090049952,0.040367725,0.089461706,0.062348393,0.000375539,0.07385215,0.071050257,0.029850375,-0.013158221,0.048090171,-0.047040612,-0.068647612,0.033700162,0.065238996,0.024434061,0.016764707,0.121816594,0.026498356,-0.001773669,0.036384239,0.151099745,0.024193714,-0.06032142,-0.006165192,0.095545067,0.040024196,-0.035533782,0.086450354,0.153644126,-0.018702462,-0.117684009,0.052179346,-0.09428634,0.003977134,-0.009897422,-0.096112256,0.02592667,0.111131355,0.079501402,-0.079066809,0.128520832,-0.022319729,0.165246293,0.090472451,0.061864921,0.103763045,0.035438879,-0.022192161,-0.028280338,0.015338434,0.0147545,0.077661829,0.094072012,0.079919423,0.043695693,0.098749468,0.04348247,-0.015954209,0.106992079,0.015713795,0.046371862,-0.080333883,0.009389516,0.108541245,0.06061731,0.1373705,0.023704873,0.01103404,-0.033076256,0.011694112,0.023340453,-0.000703726,-0.032933259,0.077120458,0.098331038,0.069144692,-0.047712221
0.040353892,0.01236235,0.059326269,0.032693926,1,0.057082204,-0.103194911,0.019169096,-0.046431044,-0.135017662,-0.000273449,0.089200594,-0.00102698,0.003064833,0.020554107,0.007944543,0.05514086,-0.009577223,0.019124837,0.11791074,-0.011457927,-0.053648309,0.043484607,0.038553057,-0.037576733,0.093646121,-0.002464186,0.035393626,-0.086988354,0.006523273,0.007239086,0.106190237,0.049116216,0.004181827,0.009455505,-0.007610189,0.034192417,0.050430254,0.019007737,0.077817575,0.038518236,0.096718864,-0.101250425,0.015537806,-0.060838371,0.057671298,0.069470423,-0.079794609,-0.004761038,-0.019205857,0.09556475,-0.0000851,-0.062272845,0.058612006,-0.019981022,-0.005773882,0.048351852,0.138310624,0.154225123,0.013609521,0.043175441,0.045251889,0.137087842,-0.090125944,0.04207709,0.045372531,-0.087359452,-0.053271086,0.043037643,0.018361213,-0.011023664,0.039283859,0.075445737,0.014109245,0.028297724,0.018185965,-0.026049757,-0.03048598,0.040743034,0.021041649,0.041904659,-0.05997492,0.050096465,-0.015647377,0.052691912,-0.033346174,-0.000626316,-0.040687418
-0.060257171,0.016396132,0.072809142,0.030344717,0.057082204,1,0.379838032,0.089666521,0.014360195,0.017693733,0.032450036,0.1947098,-0.020267672,-0.062737536,0.029255903,-0.026308405,0.054258302,-0.033757227,0.000823323,0.183494135,0.139342242,0.038631547,-0.084619545,0.053346773,0.006809549,0.070000344,0.032711176,0.078125494,-0.059949086,0.180827885,0.063628835,0.07845803,0.122612167,0.006333475,0.058866996,-0.123947781,0.126343143,0.02362143,0.013436721,-0.048199811,-0.076260119,0.247554877,-0.002976237,-0.057252821,-0.03717331,0.016914493,0.130387117,0.001389036,-0.016929171,0.009325756,-0.026750252,0.020963795,0.0384464,-0.000905849,0.059162042,-0.036095137,0.030587115,-0.038294716,0.022867846,0.112125093,0.09301791,0.027232878,-0.021213207,0.074635711,0.029476717,-0.069857099,-0.007066016,0.023263477,-0.035622379,0.020060724,-0.00128334,0.058654785,0.115485739,0.073678609,0.066264956,-0.00777386,0.116255981,0.044997494,0.039503361,0.087213919,0.04784838,-0.055402672,0.119189545,0.069270522,0.046859341,0.039274585,-0.031142926,-0.026416818
0.083270361,-0.013324911,-0.007182982,0.113179782,-0.103194911,0.379838032,1,0.023868102,-0.024878111,0.081588289,-0.013675786,0.207067044,0.003507962,-0.002308162,-0.044512826,0.065590255,0.015336922,-0.008610525,-0.027012888,0.190428886,0.053090213,0.086322329,0.029065866,-0.01523691,0.065622866,0.028412338,0.004480832,0.097657002,0.025047763,0.136671894,-0.001930005,0.001523427,0.014784082,-0.008855991,0.054078925,0.065641642,0.128115193,0.016623853,-0.021714234,0.020343687,-0.033924874,0.161360966,0.084585844,-0.060142008,0.030225594,-0.02034967,0.157635514,0.010965904,-0.047728601,0.014139227,0.027493702,0.023962089,0.00813815,0.001516281,0.143225712,0.061079809,0.075772735,-0.026815984,0.052621463,0.103852081,0.024075364,0.025928145,0.006811875,0.075547874,-0.012279351,-0.057458787,0.051470493,0.055835748,0.08090546,0.025414973,-0.003082152,0.197079789,-0.006899077,-0.025560254,-0.041304726,0.071722312,0.083967082,0.076057568,0.040897498,-0.055509462,-0.0239582,0.045372907,0.052380792,-0.072962325,0.149602314,0.069519626,-0.003144087,-0.046643473
0.007205621,-0.039627295,0.109410484,0.038670439,0.019169096,0.089666521,0.023868102,1,0.061457401,0.100045198,0.156818657,0.015095499,0.014190359,0.02936163,0.141837995,-0.000830332,0.002405186,0.08279109,0.144717457,0.081834824,0.299946345,0.055870817,-0.047619789,0.000444141,0.058057754,0.053529049,-0.013067588,0.207467334,0.094448282,-0.042205987,-0.010068847,0.144932883,0.035964945,0.081839399,0.078193417,0.02695991,0.148575422,0.003408015,0.133268273,-0.050964584,-0.053427302,0.030722531,-0.046301541,-0.031403513,0.006531021,0.01866746,-0.029446598,0.039853105,0.020202286,-0.011936437,0.000243261,0.101774537,0.038955227,0.159598657,0.022702941,-0.034778337,-0.080161845,0.03768486,0.017602048,0.011579813,0.081366615,0.007533606,0.035107848,0.14701339,0.110953485,-0.021241995,0.095217618,0.027463588,0.090113698,0.036789423,0.115520851,0.105708361,0.050294745,0.064536146,0.127632844,0.011062771,0.115001585,-0.005674753,-0.012662164,0.023810745,0.109591591,0.054697776,-0.014321842,-0.000413413,0.059092334,0.142738618,-0.02238201,-0.005365569
0.067104087,-0.062415667,0.022451999,0.100581585,-0.046431044,0.014360195,-0.024878111,0.061457401,1,0.362230583,0.127962331,-0.009355123,0.050894473,0.135422071,0.044018928,0.022248553,0.082643787,0.094695868,0.07040512,-0.069174818,0.11126504,0.056145188,0.021729498,0.041459457,0.050807308,0.080660967,0.066738126,0.146362103,0.174280917,-0.059546184,0.00038941,0.13324181,0.008822414,0.065661892,0.002797254,0.114789555,0.024191371,0.029230617,0.11899888,0.064712368,0.048961075,0.015529048,0.055148326,0.016096803,0.035402216,0.027715444,-0.033626639,0.030514291,0.122753336,0.19734833,-0.035308571,0.124847306,0.04581824,0.158301389,-0.028327946,0.045060527,-0.067722727,0.037004612,0.00295451,-0.007659925,0.114973228,0.003043727,0.088573974,0.120889614,0.090401489,0.075251791,0.038489816,0.023790289,0.009402153,0.018489527,0.081397337,-0.063884543,-0.020799496,0.021312919,0.132608647,0.078282218,0.068986228,0.031178803,-0.036121063,0.035800835,0.066627678,-0.068732592,0.039436715,0.089611309,0.022459871,0.122476633,0.032075731,0.061252077
0.007455869,0.007419925,-0.027717554,0.028181319,-0.135017662,0.017693733,0.081588289,0.100045198,0.362230583,1,0.088088245,0.048221877,0.059906323,0.184205101,0.062878204,0.014716478,0.143797437,0.148760706,0.050574332,-0.053623143,0.166117164,0.053652803,-0.023558529,-0.008124247,0.0000766,-0.029357962,0.039888809,0.194157991,0.11579602,-0.061119792,0.039276139,-0.034019788,-0.030659025,-0.026447259,0.070912322,0.108417086,0.014289124,0.082227336,0.093704286,0.083683361,0.087439118,0.010179591,-0.018203589,-0.041760234,-0.012036374,-0.035665083,-0.061526146,0.143887097,0.031481345,0.139082631,-0.019242931,0.112858586,0.156485733,0.055605636,0.017783537,-0.002691961,-0.042781265,-0.013787045,0.050147602,-0.061883333,0.012108645,-0.022769757,0.041653209,0.162846843,-0.005989906,0.077823292,0.098249395,0.057893568,0.124713784,0.082236095,0.091862076,0.036489026,-0.004182403,-0.06871806,0.112788655,0.105284722,0.045051414,-0.00575267,0.063557254,0.085971768,-0.004593073,0.078305576,0.022566434,-0.014763289,0.074276807,0.094272236,-0.007839914,0.031229043
-0.07083277,-0.051223238,0.052491873,0.055206341,-0.000273449,0.032450036,-0.013675786,0.156818657,0.127962331,0.088088245,1,0.107514121,0.138440128,0.022694802,0.143923511,0.055448926,0.05824632,0.055144771,0.143972894,0.004883163,0.109069856,0.037491329,-0.083599261,-0.02030925,0.025181127,-0.00470647,0.094285728,0.146388662,0.100428257,0.047374538,-0.026039195,0.205473436,-0.024543802,0.095254949,0.04192525,0.174279837,0.004288099,0.041005925,0.166845941,0.001386238,0.113988213,-0.008358531,0.059160865,0.073493971,0.109250674,0.027187001,-0.015428508,-0.038401826,0.126860088,-0.021794427,0.029990368,0.242479234,0.101322773,0.289988797,0.02695063,-0.077066864,-0.073442762,0.116286531,-0.025775017,0.063320258,0.094376857,-0.039214297,0.077271817,0.10218289,0.180836004,-0.014395295,0.15081237,-0.015957796,0.18952718,0.078840045,0.159166059,-0.011091976,0.044408748,0.027484035,0.087506823,0.074572669,0.136156967,0.03471955,-0.020876391,-0.020953709,-0.006508809,-0.029699946,0.016489695,-0.036305871,0.030628953,0.284696853,0.072371156,-0.023558831
0.091294939,-0.013877299,0.000981598,0.090049952,0.089200594,0.1947098,0.207067044,0.015095499,-0.009355123,0.048221877,0.107514121,1,0.015278266,0.032537458,0.017916872,0.022394802,-0.004937747,0.09837724,0.093157389,0.22534421,-0.034712136,0.050339042,0.090921126,0.131042847,0.135338714,0.024590189,0.117735561,0.012613867,0.019935928,0.246228514,-0.003416823,0.107371123,-0.045571216,-0.007095014,0.048830724,0.105237031,0.231222535,0.05942552,-0.06928856,0.007205844,0.138576823,0.126020469,0.045467979,-0.018089666,0.020253787,0.065123917,0.130194253,-0.032465515,0.077955092,0.028157711,0.030411988,0.091537228,0.087901531,0.072731489,0.1062196,0.079829224,0.222376854,0.111560503,0.111860815,0.205098947,-0.045828473,0.080927559,0.151184456,-0.035234859,0.018178804,0.060922823,0.084152721,0.04160059,0.078806482,0.087542535,0.011436762,0.198336623,0.067108748,0.039992423,0.036933357,-0.003871271,0.089167501,0.084223347,-0.063753416,0.074846238,0.03736733,0.150986255,0.089071983,-0.016079166,0.166480961,0.082529163,0.032035567,-0.030966745
-0.0554109,-0.010550521,-0.014337438,0.040367725,-0.00102698,-0.020267672,0.003507962,0.014190359,0.050894473,0.059906323,0.138440128,0.015278266,1,0.043269514,-0.02145887,-0.009839805,0.035057249,0.03889703,0.078995406,-0.016596657,0.063672481,0.01493201,-0.054287296,-0.026953149,0.009136641,-0.031606356,0.038840421,0.016757339,-0.010603127,0.001964008,-0.015757481,0.05727053,-0.041209267,0.067915964,-0.054303052,0.020711346,-0.081148254,-0.04383851,-0.022445872,0.04632797,0.069529882,-0.011607067,0.046580118,0.023626073,0.028203726,-0.003966279,0.017121212,0.012971092,0.103601474,-0.047772608,-0.046299701,0.037461475,0.00710529,0.048234097,-0.016990917,-0.041059048,-0.015748358,-0.009279573,0.034622989,0.075252642,0.100313281,-0.020781583,0.014899852,0.077603876,0.015895912,0.086335022,0.01027193,0.018203401,-0.095848617,-0.007681016,-0.050822592,-0.007761994,-0.042234827,-0.047898726,0.016053024,-0.034367989,-0.019519466,0.012664483,-0.023941323,-0.083993629,0.044657349,0.007825751,-0.048674949,0.027543788,-0.058584939,-0.065540082,0.06323205,0.068039741
-0.035938961,0.120026467,0.020198126,0.089461706,0.003064833,-0.062737536,-0.002308162,0.02936163,0.135422071,0.184205101,0.022694802,0.032537458,0.043269514,1,0.279082868,0.039353221,0.158512072,0.035229516,0.067628507,-0.036212711,0.082537429,0.024536228,0.075335827,0.021910677,-0.019400739,0.000147832,0.253688913,0.126265202,0.104267008,0.028176134,0.009899295,0.118447868,0.029493006,0.046915153,0.071551445,0.156997106,0.020207634,0.016312831,0.049551522,0.158098066,-0.025163457,0.028893009,-0.028976007,-0.034971284,-0.003136324,-0.055032398,0.092631327,0.075968561,0.113192741,0.133364909,0.030531121,0.173876718,0.109713705,0.062027714,-0.089608026,0.036231491,0.07551949,-0.015460382,0.016053542,-0.010412817,0.007093305,0.004393532,0.060365265,0.099172037,0.108168336,0.059856498,0.073360745,-0.006046357,0.160050124,0.056541081,0.095902089,0.016467881,-0.102622444,-0.089765548,0.043744008,0.102816953,0.071172328,-0.041210802,0.031246325,-0.007527849,0.005764946,0.060719206,-0.020186161,0.019839229,0.039121154,0.143281672,-0.041964692,0.108957426
-0.052222321,-0.004552698,-0.011145839,0.062348393,0.020554107,0.029255903,-0.044512826,0.141837995,0.044018928,0.062878204,0.143923511,0.017916872,-0.02145887,0.279082868,1,0.029289404,0.04958694,0.031830714,0.071686608,0.116636302,0.078174375,-0.079279139,-0.129326597,0.04013811,0.134289125,0.0132194,0.14563776,0.193028301,0.093356033,0.020514879,0.088195042,0.061695815,-0.043636298,0.05407649,0.015705572,0.089266891,0.023224338,0.018841283,0.114907602,0.066688599,-0.008370394,-0.047563686,0.043816007,-0.061799718,0.022240271,-0.047694236,-0.027727579,0.018881757,0.062753906,-0.003741216,-0.043236944,0.143265024,0.022880355,0.10916031,0.034597407,-0.040481391,-0.052101101,0.026408255,-0.087349423,0.039118257,0.014082664,-0.028791235,0.084217729,0.040690557,0.094651053,-0.004581511,0.123363022,-0.015769775,0.166443529,0.023524533,0.151285381,0.026258935,0.006432029,0.005292769,0.129871232,0.133833672,0.20794303,0.02407483,0.062359014,-0.042019601,0.049671141,0.034691465,0.021742889,-0.002075365,0.023362726,0.055880833,-0.021711646,0.024952238
0.09565853,0.025128058,-0.0937425,0.000375539,0.007944543,-0.026308405,0.065590255,-0.000830332,0.022248553,0.014716478,0.055448926,0.022394802,-0.009839805,0.039353221,0.029289404,1,0.056381354,-0.062555296,0.078339758,0.021002289,-0.017706128,0.047699099,0.036774674,0.062514834,-0.011278158,0.028789292,-0.057656835,0.097534949,0.077105175,0.03871052,-0.063601285,0.112113612,-0.127163839,0.030628688,0.058059017,0.060363841,0.092958993,-0.006028585,0.04458307,0.123606531,0.071571503,-0.025110258,-0.096543723,0.089715472,-0.018554534,0.08943185,0.037698601,-0.056745854,-0.017420386,0.085522018,-0.029267821,0.088442154,0.001520053,-0.011760008,0.026016988,0.037835765,-0.066301058,0.000517239,0.048531444,0.00999706,-0.005849572,0.001020084,0.110527046,0.102070556,0.067194057,0.000376373,0.032696794,-0.033921757,0.167423758,0.092509389,-0.004081527,0.026953529,0.007126856,-0.095942383,0.02438927,0.084299785,0.042094614,-0.048008247,0.03554871,-0.001698313,-0.016293394,-0.103850732,-0.010689134,0.018103922,-0.005788905,0.087815091,0.037357678,-0.015918128
-0.045551937,-0.005900958,-0.032935562,0.07385215,0.05514086,0.054258302,0.015336922,0.002405186,0.082643787,0.143797437,0.05824632,-0.004937747,0.035057249,0.158512072,0.04958694,0.056381354,1,-0.015078476,0.030613971,0.031957502,0.054821122,0.087028096,-0.061785729,0.006785296,-0.104611025,-0.044943672,0.086251957,0.102272984,0.095376188,0.089285966,0.071449491,0.092776348,0.062184458,0.023062556,0.079653555,0.073995366,-0.089532791,0.051528942,0.079247894,0.159951137,-0.054193536,0.073954276,-0.051838264,-0.057406657,-0.049749375,-0.005701972,0.083211656,0.054617712,0.418770566,0.064282773,-0.023290075,0.148175215,0.162503345,0.048470616,0.029536848,-0.023689604,-0.029948397,0.100996175,0.059335031,-0.029019101,-0.002810392,0.03323254,0.002368125,-0.008835556,0.023203754,0.055958191,-0.058869688,-0.02882816,0.179987913,0.077410381,0.091492529,-0.002559456,0.029970204,0.006212516,0.025040119,0.109396133,0.026333379,-0.027715285,0.063100614,0.006328286,-0.070635437,-0.006375233,0.02021301,-0.024791647,0.080162718,0.112846933,0.043519624,0.123550838
0.013742414,-0.056048229,0.040795178,0.071050257,-0.009577223,-0.033757227,-0.008610525,0.08279109,0.094695868,0.148760706,0.055144771,0.09837724,0.03889703,0.035229516,0.031830714,-0.062555296,-0.015078476,1,0.313114218,0.055595297,0.193242218,0.005655823,-0.007890293,-0.054930405,0.018381163,0.055465385,0.075346939,0.116057626,0.108135022,-0.073265391,-0.00064817,0.174639863,0.026399353,0.060890035,-0.04353359,0.044181295,0.029704009,0.034900395,0.090433155,0.09660947,0.016629594,-0.036601614,0.020965635,0.008011613,0.002884664,-0.039150293,-0.072907808,0.029866281,0.063139593,0.015766441,-0.051735742,0.10461667,-0.020445421,0.116583318,0.069279046,0.006624814,0.085173954,0.033343009,0.106438092,-0.005024594,-0.021659109,0.078460275,0.076863421,0.094957372,0.074532218,-0.018490807,0.043239953,0.003092102,0.069656529,-0.015407242,-0.0279824,0.027376336,-0.015175786,0.064621435,0.162502166,0.03952259,0.066342806,0.03775977,0.012909213,0.057426174,0.083427147,0.151682297,-0.01553791,0.096741648,0.024086963,0.09294961,0.054091972,0.062171364
-0.025944518,-0.154953141,0.095954519,0.029850375,0.019124837,0.000823323,-0.027012888,0.144717457,0.07040512,0.050574332,0.143972894,0.093157389,0.078995406,0.067628507,0.071686608,0.078339758,0.030613971,0.313114218,1,0.009631397,0.128220673,0.075504633,-0.028090599,0.075010459,0.011260543,0.099002859,0.099932838,0.159776345,0.11829491,0.017847427,-0.048815582,0.242001382,-0.005062597,-0.010147002,0.053324911,0.070000847,0.056686835,0.039519525,0.098406698,0.0385565,-0.03228447,-0.036218988,-0.021785582,0.007632719,0.033455184,-0.006099768,-0.018105579,-0.116948176,0.001549545,-0.002019317,-0.044757995,0.13168682,0.059432462,0.138913312,0.061512539,-0.046916746,0.040995647,-0.009501755,0.042641693,-0.006827101,-0.0077502,-0.048357172,0.070869615,0.141782714,0.217893177,-0.020413366,0.143133663,-0.008810619,0.080756872,0.038992029,-0.012468963,-0.008866035,-0.092615851,0.011796626,0.069730137,0.00093021,0.097873611,0.059118312,-0.042127426,-0.01733284,0.061047406,0.028765928,-0.043892489,0.036869029,-0.004577446,0.08948236,-0.041541077,0.027224839
0.030709443,-0.018191928,-0.043473604,-0.013158221,0.11791074,0.183494135,0.190428886,0.081834824,-0.069174818,-0.053623143,0.004883163,0.22534421,-0.016596657,-0.036212711,0.116636302,0.021002289,0.031957502,0.055595297,0.009631397,1,-0.045532404,-0.034423425,-0.023503806,-0.069806318,0.099184594,0.072648922,-0.038947474,-0.081254556,0.02147832,0.175215041,0.035520502,0.062192902,-0.048838624,0.137946638,0.114162555,0.022600484,0.22479535,0.034261584,-0.056564696,-0.018718194,-0.041234303,0.260344694,0.049570822,0.016646761,-0.056264977,0.011803303,0.243645928,-0.063289877,0.015150309,0.034289097,0.054750662,0.09588062,0.011243695,-0.002069106,0.005692343,0.119319683,0.118887704,0.046043824,0.044438317,0.322789635,-0.005360865,0.058335198,0.015140708,0.008276683,0.030654342,0.112504763,-0.03164569,0.020837947,0.096270864,0.044407511,-0.028205412,0.249431624,0.110187736,-0.034658239,0.076799389,-0.048727238,-0.064925889,-0.004492976,-0.038684649,0.024781974,0.057462081,0.067308324,0.094220055,-0.147608513,0.214441501,-0.020851689,0.033748638,-0.008488477
-0.042045391,0.021898028,0.049605306,0.048090171,-0.011457927,0.139342242,0.053090213,0.299946345,0.11126504,0.166117164,0.109069856,-0.034712136,0.063672481,0.082537429,0.078174375,-0.017706128,0.054821122,0.193242218,0.128220673,-0.045532404,1,0.026269001,-0.045007135,-0.075631433,-0.014513594,0.035343237,0.089724425,0.160431076,0.100603063,0.018065571,0.017394306,0.157917662,0.07080036,-0.017716558,0.120672393,0.02976007,-0.02325921,-0.033515381,0.16944802,0.036528956,-0.03059397,0.087015667,-0.005859076,0.02081836,-0.013974589,-0.052205522,-0.002162574,0.118322246,0.079975573,-0.035921028,-0.002425165,0.021005287,0.049461921,0.091895532,0.076189343,-0.148614771,0.032142182,-0.043647535,0.021545739,-0.019711919,0.095809318,-0.018630256,0.09020169,0.074308742,0.126993487,-0.017662734,0.092585735,0.011681072,0.045415137,-0.064810188,-0.018327937,0.022633225,0.009048345,-0.01556645,0.0579806,0.027903238,0.210786932,0.051498275,0.047909335,0.052434161,0.122777956,0.046746039,-0.037118963,0.049936233,0.005730846,0.096778662,0.075772306,0.08264656
-0.025881445,-0.016802573,0.010359544,-0.047040612,-0.053648309,0.038631547,0.086322329,0.055870817,0.056145188,0.053652803,0.037491329,0.050339042,0.01493201,0.024536228,-0.079279139,0.047699099,0.087028096,0.005655823,0.075504633,-0.034423425,0.026269001,1,0.13327823,0.003232986,-0.00174471,0.104237282,0.049487446,-0.034495241,0.000446059,0.022783303,0.001198762,0.013531291,0.324561357,-0.021202988,0.070042053,0.035023003,0.005652069,-0.002493732,-0.063615824,-0.064620807,-0.087970852,0.028180436,-0.02309423,0.038675326,0.058123339,0.042014111,0.030187203,0.016005574,0.041492262,-0.00093124,0.053124452,-0.015959936,0.024678104,0.007248183,0.099299854,0.050326994,-0.016643361,0.006704579,0.115514269,-0.034649898,0.008976612,0.067756164,-0.042994258,0.02430635,0.058055922,-0.007928621,-0.006862414,0.067490483,0.031442051,-0.037190641,-0.011171301,-0.064911259,0.021140718,0.073299804,-0.012208518,-0.00810292,-0.022233007,-0.010655884,-0.083065422,0.00544118,-0.022430203,-0.012777567,0.049464644,0.017426848,-0.039987803,0.028059713,0.088194502,0.29745437
0.087520733,0.04721615,-0.042988981,-0.068647612,0.043484607,-0.084619545,0.029065866,-0.047619789,0.021729498,-0.023558529,-0.083599261,0.090921126,-0.054287296,0.075335827,-0.129326597,0.036774674,-0.061785729,-0.007890293,-0.028090599,-0.023503806,-0.045007135,0.13327823,1,0.324647333,0.006304559,-0.014798729,0.089489623,-0.095356047,-0.03499286,0.060886075,-0.057195277,-0.01295226,0.028198298,-0.060437538,0.113225809,0.073791085,0.008666086,-0.093174509,-0.075721244,-0.002616281,0.003886508,0.091516888,0.027966506,0.14690944,0.041674337,0.035882705,0.05385953,0.02903584,0.016618004,0.036310927,0.116973448,-0.019864128,0.017635327,-0.031808542,0.02827893,0.127930759,0.065113026,-0.002484814,0.110379534,0.007419579,-0.019081638,0.030045943,0.004949739,-0.017827501,-0.023371215,0.027863969,-0.030769071,0.077067431,0.009167053,0.015068043,-0.015402912,0.016385214,0.005855267,-0.036617956,-0.073162414,0.077522358,-0.06896271,-0.0000813,0.058153068,0.01617977,0.045030609,-0.024945456,0.050163727,-0.032224592,-0.013726948,-0.013084424,0.023139573,0.014003608
-0.013202798,-0.02181048,0.02895005,0.033700162,0.038553057,0.053346773,-0.01523691,0.000444141,0.041459457,-0.008124247,-0.02030925,0.131042847,-0.026953149,0.021910677,0.04013811,0.062514834,0.006785296,-0.054930405,0.075010459,-0.069806318,-0.075631433,0.003232986,0.324647333,1,0.097276102,-0.009044465,-0.019069378,0.067025065,-0.026834763,0.049738312,-0.084127976,-0.001348362,0.014542594,-0.067938561,-0.124292248,0.017132681,0.079284455,-0.025284959,-0.019608726,0.027739823,0.044908401,-0.016425956,0.003377589,-0.001072328,0.119546315,0.043429737,-0.037569264,0.029509585,-0.018177625,0.025735171,-0.043103752,0.019263615,-0.002338284,0.02722709,-0.024323197,0.000415947,0.035933862,0.045429489,0.040936633,0.014263516,0.043358922,-0.082104309,-0.028785937,0.000519541,0.017344511,0.009790987,0.023680269,-0.036173657,-0.036343765,-0.029510639,-0.011325906,0.065585898,-0.055906512,0.015795452,-0.019157901,0.088118927,-0.043697118,-0.013814354,0.020252913,0.038251504,0.067738659,-0.037434841,0.033947854,0.135422136,-0.040891024,0.023540712,0.04046813,-0.016462795
0.008246755,0.042567267,0.054871813,0.065238996,-0.037576733,0.006809549,0.065622866,0.058057754,0.050807308,0.0000766,0.025181127,0.135338714,0.009136641,-0.019400739,0.134289125,-0.011278158,-0.104611025,0.018381163,0.011260543,0.099184594,-0.014513594,-0.00174471,0.006304559,0.097276102,1,0.053834871,0.033159432,0.015921296,0.01516438,0.044358681,0.080227587,-0.019151672,-0.025485138,0.040160298,-0.094563611,0.01287577,0.254934676,-0.175852693,0.034024395,-0.014327451,0.038378862,-0.029352492,0.092296975,0.051043739,0.013905702,0.022194451,-0.08268851,0.015526234,-0.063476906,-0.025690151,0.041966291,0.035810448,0.002888128,0.057681928,-0.0000785,0.089508606,0.07526427,0.02952505,-0.059034919,0.081090866,0.092319753,-0.027798158,-0.036139678,0.054669235,0.029111635,0.102167091,0.060967283,0.037952663,-0.027309663,0.05381246,0.023468556,0.119516545,0.00095558,-0.002797245,-0.005212792,-0.04752822,-0.033777811,0.053141958,-0.036127412,0.095894682,0.071180143,0.045739503,0.151342767,-0.035116623,-0.070653971,0.006435385,0.04912474,-0.034416061
0.068186045,-0.023061493,0.069858681,0.024434061,0.093646121,0.070000344,0.028412338,0.053529049,0.080660967,-0.029357962,-0.00470647,0.024590189,-0.031606356,0.000147832,0.0132194,0.028789292,-0.044943672,0.055465385,0.099002859,0.072648922,0.035343237,0.104237282,-0.014798729,-0.009044465,0.053834871,1,0.003979235,0.0065688,0.028206391,-0.038151345,-0.001117536,0.047230032,-0.018961553,0.044681873,-0.028981768,-0.005323997,0.030273968,0.045080272,-0.015133395,-0.038572238,-0.01992876,0.005837875,0.014771277,0.000848678,-0.021477666,0.0234997,0.011912861,-0.073804234,-0.015783932,0.042716946,0.021218353,0.054049186,-0.000148275,0.060019738,0.035391914,0.081429862,0.04379828,-0.11145973,0.096418195,0.074087586,-0.029288655,0.053872208,0.027928882,0.015803327,0.064624816,-0.046889081,0.08590891,0.022134518,-0.028068445,0.003306907,0.020448354,0.013138171,0.031207007,0.009059229,0.036887672,-0.021980009,0.075269981,0.09993811,-0.091516627,0.010846457,0.024405745,-0.038595862,0.068691385,0.023843803,0.003974388,0.036099294,0.079514421,-0.025574757
-0.057588775,-0.03744857,0.017500472,0.016764707,-0.002464186,0.032711176,0.004480832,-0.013067588,0.066738126,0.039888809,0.094285728,0.117735561,0.038840421,0.253688913,0.14563776,-0.057656835,0.086251957,0.075346939,0.099932838,-0.038947474,0.089724425,0.049487446,0.089489623,-0.019069378,0.033159432,0.003979235,1,0.107517864,0.075513259,0.061547529,-0.001138201,0.138189805,0.08943389,0.01901042,0.016673968,0.105729085,-0.117890791,-0.02795248,0.029211648,0.021304096,-0.06332402,0.010075784,0.104143446,-0.075555567,0.009690255,-0.01054373,0.025427185,0.011564662,0.166259255,0.015475283,0.077951184,0.174061937,0.081159268,0.116822377,0.058264437,0.024034246,0.064183088,0.014452988,0.046555854,-0.006606403,0.018003809,0.043993503,0.045104115,0.020059045,0.074360316,-0.002142476,0.084898645,0.033357915,0.092878898,0.076048515,0.035173627,0.021193407,-0.037065156,0.042425787,0.038964577,0.081772226,0.150776977,0.161109553,0.04253337,0.004069212,-0.050469109,0.061454161,-0.029956387,-0.039322504,-0.092369682,-0.016613286,0.050761531,0.082477162
0.027121743,-0.004136956,0.018064831,0.121816594,0.035393626,0.078125494,0.097657002,0.207467334,0.146362103,0.194157991,0.146388662,0.012613867,0.016757339,0.126265202,0.193028301,0.097534949,0.102272984,0.116057626,0.159776345,-0.081254556,0.160431076,-0.034495241,-0.095356047,0.067025065,0.015921296,0.0065688,0.107517864,1,0.195078245,-0.011236929,0.062742485,0.213716172,0.047832888,0.107504321,-0.001169132,0.109201184,-0.012608974,0.096533104,0.286574185,0.261722179,0.011655776,0.070119933,0.070951371,-0.079300523,-0.028301675,-0.024695916,-0.030422849,0.043048896,0.091842634,0.083762421,-0.031779323,0.279005254,0.018906756,0.183124004,0.069745528,-0.001971997,-0.031282569,-0.03403178,0.022554582,0.032608057,0.097864185,-0.011842098,0.173627297,0.265600919,0.162568231,0.000209678,0.11691235,0.011045147,0.156401677,0.082800178,0.179157483,0.097259023,-0.011549324,0.053427795,0.212454433,0.147939329,0.208467924,0.074661098,0.100699437,-0.066251257,-0.019709204,0.019518863,-0.03070301,0.016353797,0.095030248,0.091151537,-0.014071513,0.0110289
0.080875335,-0.004332385,0.021903611,0.026498356,-0.086988354,-0.059949086,0.025047763,0.094448282,0.174280917,0.11579602,0.100428257,0.019935928,-0.010603127,0.104267008,0.093356033,0.077105175,0.095376188,0.108135022,0.11829491,0.02147832,0.100603063,0.000446059,-0.03499286,-0.026834763,0.01516438,0.028206391,0.075513259,0.195078245,1,-0.039181026,-0.1022925,0.208867324,-0.018640222,0.024921848,0.057562314,0.10429597,-0.005056492,0.012070326,0.181098167,0.016501294,0.038667626,-0.008295767,-0.019898722,0.055120132,-0.007743814,0.027301228,0.043636882,0.108802416,0.058072018,0.07290796,0.028853064,0.21544237,0.044752172,0.169367746,-0.031107292,0.014718379,-0.038453396,0.108610377,-0.052117015,0.003375806,-0.01439708,-0.039474124,0.096601427,0.040646101,0.113042808,0.031008483,0.080492071,0.024317501,0.099189981,0.120928274,0.115964428,-0.04263545,0.035897703,-0.072666758,0.01473416,0.018557765,0.07054698,0.044984737,0.047379024,0.091167461,0.056787331,0.110104656,-0.044346077,0.025537994,0.067522021,0.09098393,-0.023577108,0.110543481
-0.045863789,0.040389659,0.044657769,-0.001773669,0.006523273,0.180827885,0.136671894,-0.042205987,-0.059546184,-0.061119792,0.047374538,0.246228514,0.001964008,0.028176134,0.020514879,0.03871052,0.089285966,-0.073265391,0.017847427,0.175215041,0.018065571,0.022783303,0.060886075,0.049738312,0.044358681,-0.038151345,0.061547529,-0.011236929,-0.039181026,1,0.022307817,0.035901875,0.06304501,0.031925793,0.048477254,-0.039217473,0.141036876,-0.022971629,0.039225431,-0.032730892,-0.034662357,0.26013166,-0.004105621,0.072270927,0.061542384,0.020336409,0.17416223,0.009981043,0.086226202,-0.125333944,0.015112228,0.02979419,0.054184539,-0.00161069,0.06268986,-0.024092047,0.075506889,0.053654163,0.074579716,0.21583267,0.062579037,0.067682737,0.011518761,0.001260544,-0.020758439,-0.014355738,-0.061957629,-0.062403366,-0.036308823,-0.046775467,-0.077944111,0.217327218,-0.053389292,-0.048483726,-0.017563684,0.046925401,0.051533998,0.00575542,0.059395128,0.094153841,0.067810928,0.025220662,0.033487094,0.02372335,0.131309891,0.013055203,0.043294292,0.032811181
-0.036181219,0.011565254,0.056020287,0.036384239,0.007239086,0.063628835,-0.001930005,-0.010068847,0.00038941,0.039276139,-0.026039195,-0.003416823,-0.015757481,0.009899295,0.088195042,-0.063601285,0.071449491,-0.00064817,-0.048815582,0.035520502,0.017394306,0.001198762,-0.057195277,-0.084127976,0.080227587,-0.001117536,-0.001138201,0.062742485,-0.1022925,0.022307817,1,-0.105900881,-0.025191496,0.078746543,0.009049871,-0.061591303,0.0388749,-0.006467566,0.062641776,0.056397485,0.031564913,-0.045869908,0.04189696,-0.05926987,-0.042295056,-0.018093102,0.036675272,0.044820367,-0.005249937,-0.02278414,-0.045332382,-0.012816609,0.051018524,-0.07477182,0.009655426,-0.057884333,-0.030669327,-0.038691494,0.004063523,-0.046500661,0.001031878,0.079008098,0.029494407,0.016719235,0.010197449,0.022061395,-0.014921406,0.043835437,0.032898581,-0.031839756,0.047067179,-0.042153382,-0.007547108,0.083015943,0.09573383,-0.04923327,0.023826967,-0.014133806,0.033178591,0.01032335,-0.024236252,-0.059481695,0.072101686,-0.073375938,-0.000286731,-0.086028148,-0.034771839,0.008193124
0.046296144,-0.01305695,0.017101204,0.151099745,0.106190237,0.07845803,0.001523427,0.144932883,0.13324181,-0.034019788,0.205473436,0.107371123,0.05727053,0.118447868,0.061695815,0.112113612,0.092776348,0.174639863,0.242001382,0.062192902,0.157917662,0.013531291,-0.01295226,-0.001348362,-0.019151672,0.047230032,0.138189805,0.213716172,0.208867324,0.035901875,-0.105900881,1,0.073948732,0.069055134,0.082769267,0.098548801,-0.005494774,-0.015271478,0.168735823,0.069301172,-0.003129927,0.042430732,-0.002901478,0.058052553,0.105565449,-0.011346204,-0.005727915,-0.008432862,0.085112316,0.044614677,-0.0446878,0.289856259,0.060592238,0.195916677,0.050885174,0.076130992,0.050146685,0.045945504,-0.063370785,0.060414479,0.10447836,0.072457309,0.165531905,0.248127181,0.256779823,0.054025292,0.095157377,-0.010907289,0.140001804,0.13184249,0.0084109,0.042003091,0.036884355,-0.044794613,0.103452087,0.035781455,0.137213925,0.078784336,-0.038666518,0.040711118,0.070012927,0.123988883,-0.047068062,-0.00412647,0.050450997,0.140276677,0.084456977,-0.038137988
0.053479552,0.012259153,0.140504152,0.024193714,0.049116216,0.122612167,0.014784082,0.035964945,0.008822414,-0.030659025,-0.024543802,-0.045571216,-0.041209267,0.029493006,-0.043636298,-0.127163839,0.062184458,0.026399353,-0.005062597,-0.048838624,0.07080036,0.324561357,0.028198298,0.014542594,-0.025485138,-0.018961553,0.08943389,0.047832888,-0.018640222,0.06304501,-0.025191496,0.073948732,1,-0.015697315,0.052053017,0.03740277,0.015873692,0.021000777,0.108567461,-0.05761344,0.007271027,0.099182066,-0.03979526,-0.038168599,0.042411758,-0.056022183,0.004905143,0.059150365,-0.022722823,-0.036060983,0.029958242,0.002657012,-0.033688319,0.10249718,0.040735473,-0.02416509,0.026825983,-0.009189866,0.019987334,-0.014066882,-0.017869541,0.048025175,0.001908417,0.06446641,0.041475594,-0.037055648,-0.03864702,0.032640614,-0.054293356,0.034111652,0.02168499,-0.028008467,0.000454429,0.065561522,0.0526872,0.097326195,-0.044745741,0.019772805,0.064155249,0.076887825,-0.061012626,0.015843804,0.034175214,-0.021153215,-0.05445453,-0.068976548,0.021946458,0.292618263
-0.012735309,0.057331012,-0.010745873,-0.06032142,0.004181827,0.006333475,-0.008855991,0.081839399,0.065661892,-0.026447259,0.095254949,-0.007095014,0.067915964,0.046915153,0.05407649,0.030628688,0.023062556,0.060890035,-0.010147002,0.137946638,-0.017716558,-0.021202988,-0.060437538,-0.067938561,0.040160298,0.044681873,0.01901042,0.107504321,0.024921848,0.031925793,0.078746543,0.069055134,-0.015697315,1,0.28059878,0.212890238,0.095225416,-0.000824645,0.016089588,0.021638437,-0.003364972,0.091755874,0.085051228,0.050453335,-0.017906792,0.059924977,0.081722202,-0.017317578,0.095452251,0.032896261,0.093525055,0.131214273,-0.000269771,0.087713325,-0.099379452,0.032857541,-0.108071793,0.062114886,0.053185352,0.112019265,0.032441048,0.098352809,0.033764239,0.14617087,0.131746665,-0.021150004,-0.063363233,0.10438428,0.091758321,0.028719484,0.034715965,-0.027511818,-0.009757333,0.033334067,0.067757244,-0.050457932,0.038038217,0.037642626,-0.071988088,0.018189511,0.009278937,0.035185644,0.08954378,0.008308216,0.028715063,-0.022816014,-0.022082815,0.038173535
0.051374065,0.058911455,-0.020758121,-0.006165192,0.009455505,0.058866996,0.054078925,0.078193417,0.002797254,0.070912322,0.04192525,0.048830724,-0.054303052,0.071551445,0.015705572,0.058059017,0.079653555,-0.04353359,0.053324911,0.114162555,0.120672393,0.070042053,0.113225809,-0.124292248,-0.094563611,-0.028981768,0.016673968,-0.001169132,0.057562314,0.048477254,0.009049871,0.082769267,0.052053017,0.28059878,1,0.247777459,0.059769981,0.022710771,0.083665129,0.043878488,-0.096859657,0.099327665,0.02523536,0.043551562,0.016591855,-0.00132894,0.060066035,0.036905052,0.083485491,0.1458673,0.01161816,0.073835566,0.147305281,-0.019330681,0.051209833,0.04002682,-0.064494699,0.020751195,-0.033805886,-0.030640688,0.013571981,-0.027832481,0.108631416,0.129683527,0.101818781,0.054684107,0.042911947,0.075529328,0.107130919,0.075987858,0.061255844,-0.055585901,0.05608218,-0.077825262,0.063603329,0.042380446,0.085496372,0.080943125,-0.028016928,-0.019923365,0.003965597,-0.050120102,0.104405604,-0.125174293,0.043152946,0.037408787,0.003742452,0.025695409
0.063270781,-0.050795187,-0.099639884,0.095545067,-0.007610189,-0.123947781,0.065641642,0.02695991,0.114789555,0.108417086,0.174279837,0.105237031,0.020711346,0.156997106,0.089266891,0.060363841,0.073995366,0.044181295,0.070000847,0.022600484,0.02976007,0.035023003,0.073791085,0.017132681,0.01287577,-0.005323997,0.105729085,0.109201184,0.10429597,-0.039217473,-0.061591303,0.098548801,0.03740277,0.212890238,0.247777459,1,0.009694972,0.019476359,0.077847701,0.110916881,0.140720306,0.028402658,0.057940811,0.065458283,0.029444423,-0.02824187,0.008087976,0.067673693,0.059104386,0.103830842,0.059340706,0.166481558,0.044005497,0.237471503,0.035942481,0.03358757,-0.0183337,0.063499729,0.023369442,0.053053015,-0.028947999,0.039871964,0.07633322,0.072609635,0.13449991,-0.012031401,0.060023937,0.079522959,0.192794152,0.104033958,0.106877887,0.111119745,-0.023029044,0.025284952,0.062447663,0.185705577,0.030123244,0.07231134,0.016923207,-0.035543204,-0.105808045,-0.018826189,0.011323685,-0.068009472,0.047859191,0.064348196,0.041351302,0.072792616
0.159508088,-0.049352831,0.060388341,0.040024196,0.034192417,0.126343143,0.128115193,0.148575422,0.024191371,0.014289124,0.004288099,0.231222535,-0.081148254,0.020207634,0.023224338,0.092958993,-0.089532791,0.029704009,0.056686835,0.22479535,-0.02325921,0.005652069,0.008666086,0.079284455,0.254934676,0.030273968,-0.117890791,-0.012608974,-0.005056492,0.141036876,0.0388749,-0.005494774,0.015873692,0.095225416,0.059769981,0.009694972,1,0.013659562,-0.012466104,0.001403497,0.062532331,0.054074193,-0.082948913,0.011107894,-0.006801126,0.071489151,0.032368595,-0.043591037,-0.073973948,0.027025342,0.108616726,-0.01962227,0.017964543,0.029191104,0.016826528,0.072157532,0.105625856,0.066727446,0.074843365,0.061604884,-0.030548441,0.029195841,0.020758671,0.15305739,0.065832271,0.029626387,-0.026416818,0.102226545,-0.024977515,0.026548454,0.013562684,0.137876867,0.034754089,-0.001888992,0.044640654,0.026482192,-0.014940027,-0.023937964,-0.032819721,0.129099268,0.129922267,0.100132179,0.112866201,0.025453012,0.139798807,0.102895825,0.030951625,-0.019501721
0.018271905,-0.086496843,0.036914317,-0.035533782,0.050430254,0.02362143,0.016623853,0.003408015,0.029230617,0.082227336,0.041005925,0.05942552,-0.04383851,0.016312831,0.018841283,-0.006028585,0.051528942,0.034900395,0.039519525,0.034261584,-0.033515381,-0.002493732,-0.093174509,-0.025284959,-0.175852693,0.045080272,-0.02795248,0.096533104,0.012070326,-0.022971629,-0.006467566,-0.015271478,0.021000777,-0.000824645,0.022710771,0.019476359,0.013659562,1,0.076645785,0.119774577,0.056920305,0.016569335,-0.030567217,-0.059546837,0.020902724,-0.026716109,0.044404173,-0.081198657,0.01376027,0.084974457,-0.004629257,0.029371403,-0.007125044,0.038592056,-0.027317483,-0.046578754,-0.021570433,0.005579978,0.083348129,0.053655441,-0.067618851,0.041459565,0.020067335,-0.041560719,-0.079375193,-0.029478732,-0.058944082,-0.073496917,0.073473132,-0.01841135,0.088503149,-0.013534003,0.051790254,0.04999687,0.123067802,0.040589249,0.121598013,0.02073181,0.048919064,-0.041842197,0.013921621,-0.002270108,-0.026402777,0.014088225,0.113849135,0.045271203,-0.078892952,0.089227903
0.106499188,0.067320067,0.058085796,0.086450354,0.019007737,0.013436721,-0.021714234,0.133268273,0.11899888,0.093704286,0.166845941,-0.06928856,-0.022445872,0.049551522,0.114907602,0.04458307,0.079247894,0.090433155,0.098406698,-0.056564696,0.16944802,-0.063615824,-0.075721244,-0.019608726,0.034024395,-0.015133395,0.029211648,0.286574185,0.181098167,0.039225431,0.062641776,0.168735823,0.108567461,0.016089588,0.083665129,0.077847701,-0.012466104,0.076645785,1,0.210773324,-0.018555561,0.007382838,0.041752233,-0.023139613,0.081311039,-0.038576702,-0.037505505,0.031485939,0.129229776,0.124425919,-0.019955452,0.263655561,0.055258335,0.151377795,-0.044039704,-0.202615519,-0.001068632,0.0123024,-0.017905779,0.022163796,0.050599325,-0.007791161,0.115954523,0.172176381,0.238270247,0.080156085,0.103144006,0.026752072,0.121410251,0.061994593,0.167880846,0.037737295,0.013225312,0.00852704,0.244595516,0.061365242,0.124618333,0.071064388,0.099924595,0.000528547,0.050243254,-0.010860806,0.00470467,-0.046181695,-0.009075792,0.036036449,0.038461666,0.040652941
0.002827459,-0.013048898,-0.06031122,0.153644126,0.077817575,-0.048199811,0.020343687,-0.050964584,0.064712368,0.083683361,0.001386238,0.007205844,0.04632797,0.158098066,0.066688599,0.123606531,0.159951137,0.09660947,0.0385565,-0.018718194,0.036528956,-0.064620807,-0.002616281,0.027739823,-0.014327451,-0.038572238,0.021304096,0.261722179,0.016501294,-0.032730892,0.056397485,0.069301172,-0.05761344,0.021638437,0.043878488,0.110916881,0.001403497,0.119774577,0.210773324,1,0.036573167,0.043227873,0.073553525,-0.025599995,0.0136,0.010191769,0.012813597,-0.003659006,0.11995854,0.203962818,0.009862349,0.190615577,0.009841082,0.114783399,-0.03169162,0.034485422,0.034581088,-0.006270396,0.062879986,-0.02142956,-0.035483729,-0.001960321,0.05524893,0.138688345,0.051999868,0.043691638,-0.009724021,0.010824375,0.136280275,0.105906777,0.069858389,0.086980673,-0.012575435,0.044853214,0.408211134,0.166572148,0.095398662,-0.055752426,0.084995358,-0.080154344,0.033187923,-0.029507785,-0.02611379,-0.038750872,0.070942047,0.123148691,0.006504097,0.088983613
0.027504717,0.001827138,-0.021216791,-0.018702462,0.038518236,-0.076260119,-0.033924874,-0.053427302,0.048961075,0.087439118,0.113988213,0.138576823,0.069529882,-0.025163457,-0.008370394,0.071571503,-0.054193536,0.016629594,-0.03228447,-0.041234303,-0.03059397,-0.087970852,0.003886508,0.044908401,0.038378862,-0.01992876,-0.06332402,0.011655776,0.038667626,-0.034662357,0.031564913,-0.003129927,0.007271027,-0.003364972,-0.096859657,0.140720306,0.062532331,0.056920305,-0.018555561,0.036573167,1,0.014187154,-0.096383707,0.119545231,0.021347317,0.063282048,0.019939013,0.067597775,-0.098028799,0.00026551,0.006004577,0.042370999,0.038852455,0.109519912,-0.031487783,0.001763158,-0.059458898,0.037573746,-0.012454759,0.092048147,-0.045314205,0.001736801,0.045067193,0.003660841,-0.047724163,0.014717449,-0.030069892,-0.033078586,0.026863304,0.049599125,0.0340135,0.026128773,0.05466545,0.003621466,0.024531929,0.113768365,-0.007412395,-0.112241249,0.048159072,0.064126659,-0.07912065,0.032588885,-0.025085109,0.030278237,-0.003509512,-0.033000076,0.01861681,0.017897108
-0.034863377,0.108298404,-0.006138922,-0.117684009,0.096718864,0.247554877,0.161360966,0.030722531,0.015529048,0.010179591,-0.008358531,0.126020469,-0.011607067,0.028893009,-0.047563686,-0.025110258,0.073954276,-0.036601614,-0.036218988,0.260344694,0.087015667,0.028180436,0.091516888,-0.016425956,-0.029352492,0.005837875,0.010075784,0.070119933,-0.008295767,0.26013166,-0.045869908,0.042430732,0.099182066,0.091755874,0.099327665,0.028402658,0.054074193,0.016569335,0.007382838,0.043227873,0.014187154,1,0.000830511,0.096360461,-0.054868661,0.045374171,0.243889344,0.023597687,0.010691694,0.03857693,0.120821324,0.051514133,0.01577684,0.010770517,-0.044074039,0.008859981,0.089292774,0.03295686,-0.001145217,0.189060712,0.045183223,0.034847754,-0.001540647,0.101271713,0.027302793,-0.013834343,-0.041676085,0.104242416,0.057324415,0.047451895,0.036952937,0.224970113,0.053297695,0.012186614,0.049347932,0.030958232,-0.010371833,-0.016814691,-0.00829464,0.122311118,0.056862777,-0.027736374,0.032494952,-0.032404049,0.255797039,-0.016559656,-0.002672593,0.053173079
-0.040547842,0.017985888,-0.025087872,0.052179346,-0.101250425,-0.002976237,0.084585844,-0.046301541,0.055148326,-0.018203589,0.059160865,0.045467979,0.046580118,-0.028976007,0.043816007,-0.096543723,-0.051838264,0.020965635,-0.021785582,0.049570822,-0.005859076,-0.02309423,0.027966506,0.003377589,0.092296975,0.014771277,0.104143446,0.070951371,-0.019898722,-0.004105621,0.04189696,-0.002901478,-0.03979526,0.085051228,0.02523536,0.057940811,-0.082948913,-0.030567217,0.041752233,0.073553525,-0.096383707,0.000830511,1,-0.001812411,0.107839117,-0.02137055,-0.028321768,-0.006776387,0.133177809,0.061195505,0.05703188,0.043739672,-0.01632201,0.040825859,0.073826752,0.046464693,0.034512144,-0.050524667,-0.027752315,0.033538637,0.023173565,0.032636562,-0.011700646,0.044649913,0.057008161,0.013688934,0.102243338,0.120820741,-0.053034083,0.042306991,-0.004557564,0.040026592,-0.035125144,-0.004519965,0.013982531,-0.001585116,0.014522168,0.163552849,-0.104788802,-0.107744146,0.07393414,-0.030687774,0.040153454,-0.073733555,-0.015968779,0.020950179,-0.015518819,0.022711784
-0.006229294,0.039850197,-0.077191423,-0.09428634,0.015537806,-0.057252821,-0.060142008,-0.031403513,0.016096803,-0.041760234,0.073493971,-0.018089666,0.023626073,-0.034971284,-0.061799718,0.089715472,-0.057406657,0.008011613,0.007632719,0.016646761,0.02081836,0.038675326,0.14690944,-0.001072328,0.051043739,0.000848678,-0.075555567,-0.079300523,0.055120132,0.072270927,-0.05926987,0.058052553,-0.038168599,0.050453335,0.043551562,0.065458283,0.011107894,-0.059546837,-0.023139613,-0.025599995,0.119545231,0.096360461,-0.001812411,1,0.015724273,0.077106749,0.085657054,0.024562649,-0.027748581,-0.04087588,0.056034806,0.003124949,-0.025048547,0.089089066,0.003879955,0.030841662,-0.004732929,0.007693233,0.041071107,0.10499609,0.065162991,0.02392328,0.025600557,-0.009973811,0.044439665,-0.033845587,-0.056889871,0.035300696,0.036510959,0.037970066,-0.002904957,0.022342182,0.004353187,-0.11268454,-0.042807264,0.007034888,-0.072639388,-0.037870665,-0.018617309,0.091520434,0.031640679,-0.036756643,-0.055861892,0.000221558,0.038596921,-0.009009939,0.022287785,-0.016941403
0.040143157,-0.002222614,0.014324996,0.003977134,-0.060838371,-0.03717331,0.030225594,0.006531021,0.035402216,-0.012036374,0.109250674,0.020253787,0.028203726,-0.003136324,0.022240271,-0.018554534,-0.049749375,0.002884664,0.033455184,-0.056264977,-0.013974589,0.058123339,0.041674337,0.119546315,0.013905702,-0.021477666,0.009690255,-0.028301675,-0.007743814,0.061542384,-0.042295056,0.105565449,0.042411758,-0.017906792,0.016591855,0.029444423,-0.006801126,0.020902724,0.081311039,0.013643086,0.021347317,-0.054868661,0.107839117,0.015724273,1,0.038534684,-0.010570998,0.023893021,0.105333644,0.024289416,0.008052344,-0.002499391,0.011121943,0.060438788,0.028588375,-0.049354624,0.02287401,-0.023349374,-0.02964044,0.076341266,0.022046543,-0.002300444,-0.016718238,0.054258892,0.059430741,-0.019844025,0.041875996,0.055864577,-0.043681948,-0.050559784,-0.038018829,0.008431687,-0.032276188,0.017168944,-0.024698296,0.091547827,0.019829177,0.064098043,-0.07116066,-0.015172912,0.097919246,-0.000382473,0.013948952,0.031157121,-0.047332967,0.041847454,0.104174117,-0.006130212
-0.004588985,0.018435513,0.000116122,-0.009897422,0.057671298,0.016914493,-0.02034967,0.01866746,0.027715444,-0.035665083,0.027187001,0.065123917,-0.003966279,-0.055032398,-0.047694236,0.08943185,-0.005701972,-0.039150293,-0.006099768,0.011803303,-0.052205522,0.042014111,0.035882705,0.043429737,0.022194451,0.0234997,-0.01054373,-0.024695916,0.027301228,0.020336409,-0.018093102,-0.011346204,-0.056022183,0.059924977,-0.00132894,-0.02824187,0.071489151,-0.026716109,-0.0386,0.010191769,0.063282048,0.045374171,-0.02137055,0.077106749,0.038534684,1,0.071038291,-0.016700838,-0.006497996,0.03369177,0.075826282,0.018297346,0.016526907,0.078675976,0.052120391,-0.023759349,0.020549579,0.029707671,0.011205983,0.084638925,-0.010508662,-0.012349745,0.003554064,0.021098082,0.036025455,0.100014398,-0.067677925,0.001510087,-0.020745262,0.008871964,0.059212398,0.030308083,0.0769298,-0.026954795,0.002006893,0.032868427,-0.026391532,-0.100375337,-0.011262598,0.09909816,0.089483531,-0.083067236,0.05190822,0.036363352,0.071071879,-0.000429508,0.049304908,0.017931964
-0.048639703,0.103332043,-0.059915782,-0.096112256,0.069470423,0.130387117,0.157635514,-0.029446598,-0.033626639,-0.061526146,-0.015428508,0.130194253,0.017121212,0.092631327,-0.027727579,0.037698601,0.083211656,-0.072907808,-0.018105579,0.243645928,-0.002162574,0.030187203,0.05385953,-0.037569264,-0.08268851,0.011912861,0.025427185,-0.030422849,0.043636882,0.17416223,0.036675272,-0.005727915,0.004905143,0.081722202,0.060066035,0.008087976,0.032368595,0.044404173,-0.037505505,0.012813597,0.019939013,0.243889344,-0.028321768,0.085657054,-0.010570998,0.071038291,1,-0.006290425,-0.008594027,0.027352388,0.085711182,0.0209872,0.012914702,0.008398946,-0.074079999,-0.087163995,0.15406113,-0.006394953,0.033819453,0.202946955,0.024117323,0.085098701,-0.015883156,-0.095372324,0.001295258,-0.025577805,-0.099218939,0.017327061,0.104281138,-0.012912226,-0.016793548,0.108,0.077324267,0.000175884,-0.013298134,-0.053268764,-0.037801074,-0.034602944,0.046334327,-0.023721703,-0.001138187,-0.029782012,-0.023706783,-0.041114308,0.073409101,-0.04200741,-0.058493528,0.128853322
-0.006688925,0.035190134,-0.021654994,0.02592667,-0.079794609,0.001389036,0.010965904,0.039853105,0.030514291,0.143887097,-0.038401826,-0.032465515,0.012971092,0.075968561,0.018881757,-0.056745854,0.054617712,0.029866281,-0.116948176,-0.063289877,0.118322246,0.016005574,0.02903584,0.029509585,0.015526234,-0.073804234,0.011564662,0.043048896,0.108802416,0.009981043,0.044820367,-0.008432862,0.059150365,-0.017317578,0.036905052,0.067673693,-0.043591037,-0.081198657,0.031485939,-0.003659006,0.067597775,0.023597687,-0.006776387,0.024562649,0.023893021,-0.016700838,-0.006290425,1,0.067,-0.034101271,-0.04454626,0.114397174,0.010261874,0.07739088,-0.007249891,0.038981882,-0.085114681,0.082082669,0.01687506,-0.095753489,-0.025671802,-0.002394436,-0.012231843,-0.007936605,-0.016459301,0.06715468,0.02754224,0.055592246,-0.008969999,0.034798501,-0.016881146,-0.005417387,0.012128689,-0.007845693,-0.072751813,0.069517323,0.004395138,-0.060688117,0.079593112,0.039217695,0.050771622,0.068068409,-0.017903653,0.029785699,-0.024121823,0.001843058,0.028187723,0.045155319
-0.046620937,0.022904205,-0.030490897,0.111131355,-0.004761038,-0.016929171,-0.047728601,0.020202286,0.122753336,0.031481345,0.126860088,0.077955092,0.103601474,0.113192741,0.062753906,-0.017420386,0.418770566,0.063139593,0.001549545,0.015150309,0.079975573,0.041492262,0.016618004,-0.018177625,-0.063476906,-0.015783932,0.166259255,0.091842634,0.058072018,0.086226202,-0.005249937,0.085112316,-0.022722823,0.095452251,0.083485491,0.059104386,-0.073973948,0.01376027,0.129229776,0.11995854,-0.098028799,0.010691694,0.133177809,-0.027748581,0.105333644,-0.006497996,-0.008594027,0.066961475,1,0.057267164,0.035249988,0.212787147,0.008811732,0.079476369,-0.065834715,-0.049100033,0.040604437,0.069821389,0.045178351,0.047755121,0.033166027,0.056713657,0.081738965,0.033365724,0.175542938,0.046787564,0.0399357,0.051851207,0.0576839,-0.019808411,0.056641577,0.007431819,-0.026215476,0.07969895,0.094514978,0.037943447,0.086534378,0.094671917,-0.057519251,-0.065589582,0.072446013,0.040084918,-0.030283338,0.019656733,0.003455329,0.03919453,0.122306156,0.060332002
0.131411645,0.08621458,-0.035767384,0.079501402,-0.019205857,0.009325756,0.014139227,-0.011936437,0.19734833,0.139082631,-0.021794427,0.028157711,-0.047772608,0.133364909,-0.003741216,0.085522018,0.064282773,0.015766441,-0.002019317,0.034289097,-0.035921028,-0.00093124,0.036310927,0.025735171,-0.025690151,0.042716946,0.015475283,0.083762421,0.07290796,-0.125333944,-0.02278414,0.044614677,-0.036060983,0.032896261,0.1458673,0.103830842,0.027025342,0.084974457,0.124425919,0.203962818,0.00026551,0.03857693,0.061195505,-0.04087588,0.024289416,0.03369177,0.0274,-0.034101271,0.057267164,1,0.002207966,0.054241816,0.126453139,0.136081561,-0.097882335,0.072392152,0.03687892,-0.052530464,0.042659051,-0.002845387,-0.041557104,0.000943388,0.055658986,0.126190066,0.130483018,0.096940232,0.034885301,0.063015589,0.127140259,0.174836897,0.091169569,0.004108648,0.074921702,-0.005474751,0.123656734,0.047799278,0.025439775,0.008357511,0.001157634,-0.035378827,-0.011820786,-0.043209639,0.140843786,-0.022460422,-0.004437678,0.097592836,0.060955936,0.049758111
0.060734822,0.055410095,-0.01958281,-0.079066809,0.09556475,-0.026750252,0.027493702,0.000243261,-0.035308571,-0.019242931,0.029990368,0.030411988,-0.046299701,0.030531121,-0.043236944,-0.029267821,-0.023290075,-0.051735742,-0.044757995,0.054750662,-0.002425165,0.053124452,0.116973448,-0.043103752,0.041966291,0.021218353,0.077951184,-0.031779323,0.028853064,0.015112228,-0.045332382,-0.0446878,0.029958242,0.093525055,0.01161816,0.059340706,0.108616726,-0.004629257,-0.019955452,0.009862349,0.006004577,0.120821324,0.05703188,0.056034806,0.008052344,0.075826282,0.085711182,-0.04454626,0.035249988,0.002207966,1,-0.047449523,0.033093657,0.079189957,-0.067277517,0.015569567,0.029618785,0.087206449,0.049354693,0.099318024,-0.098958225,0.020869677,-0.030963368,-0.008677364,0.0610793,0.061766208,-0.036140873,0.175394034,-0.063867573,-0.03337616,0.014396335,0.061000984,0.051624702,0.054486261,-0.034362733,-0.0014735,0.000277488,-0.033411546,-0.08546251,0.096604413,0.009262436,-0.01529657,0.000193161,-0.004105654,0.03243952,-0.007342027,-0.020291022,0.0387432
-0.037369899,-0.015571477,-0.050012369,0.128520832,-0.0000851,0.020963795,0.023962089,0.101774537,0.124847306,0.112858586,0.242479234,0.091537228,0.037461475,0.173876718,0.143265024,0.088442154,0.148175215,0.10461667,0.13168682,0.09588062,0.021005287,-0.015959936,-0.019864128,0.019263615,0.035810448,0.054049186,0.174061937,0.279005254,0.21544237,0.02979419,-0.012816609,0.289856259,0.002657012,0.131214273,0.073835566,0.166481558,-0.01962227,0.029371403,0.263655561,0.190615577,0.042370999,0.051514133,0.043739672,0.003124949,-0.002499391,0.018297346,0.0209872,0.114397174,0.212787147,0.054241816,-0.047449523,1,0.108410713,0.22419202,-0.012589582,0.117059605,-0.022919096,0.10400919,0.005550229,0.059482343,0.041546137,0.051606206,0.077913609,0.15933185,0.217919706,0.066379356,0.099460725,-0.028641929,0.22638061,0.117896948,0.181242927,0.025303267,0.015332871,-0.011901828,0.237089233,0.087017316,0.070907317,0.014324663,0.032942545,-0.010329042,-0.01338503,0.080723878,0.02689593,-0.056517965,0.046155851,0.129679741,0.066875657,-0.02053871
-0.017581228,0.047261328,0.027406062,-0.022319729,-0.062272845,0.0384464,0.00813815,0.038955227,0.04581824,0.156485733,0.101322773,0.087901531,0.00710529,0.109713705,0.022880355,0.001520053,0.162503345,-0.020445421,0.059432462,0.011243695,0.049461921,0.024678104,0.017635327,-0.002338284,0.002888128,-0.000148275,0.081159268,0.018906756,0.044752172,0.054184539,0.051018524,0.060592238,-0.033688319,-0.000269771,0.147305281,0.044005497,0.017964543,-0.007125044,0.055258335,0.009841082,0.038852455,0.01577684,-0.01632201,-0.025048547,0.011121943,0.016526907,0.012914702,0.010261874,0.008811732,0.126453139,0.033093657,0.108410713,1,0.162818786,-0.009609589,0.030425572,-0.004016191,0.052961866,0.030158106,-0.016126004,-0.019923992,-0.062980878,0.196940634,0.068694356,0.115735434,0.039658269,0.070105513,-0.020333953,0.135842255,0.082332298,0.088589281,-0.043265813,-0.010546836,-0.097164084,-0.006854754,0.019662933,0.063629907,-0.059534998,-0.016565236,0.073609087,-0.110763266,-0.027475514,0.019766102,-0.032993143,0.002263199,0.120313974,0.032794845,0.006862761
0.027115195,-0.062646249,0.112585263,0.165246293,0.058612006,-0.000905849,0.001516281,0.159598657,0.158301389,0.055605636,0.289988797,0.072731489,0.048234097,0.062027714,0.10916031,-0.011760008,0.048470616,0.116583318,0.138913312,-0.002069106,0.091895532,0.007248183,-0.031808542,0.02722709,0.057681928,0.060019738,0.116822377,0.183124004,0.169367746,-0.00161069,-0.07477182,0.195916677,0.10249718,0.087713325,-0.019330681,0.237471503,0.029191104,0.038592056,0.151377795,0.114783399,0.109519912,0.010770517,0.040825859,0.089089066,0.060438788,0.078675976,0.008398946,0.07739088,0.079476369,0.136081561,0.079189957,0.22419202,0.162818786,1,0.011779629,0.009034584,0.042861408,0.119674128,0.058500124,0.073943442,-0.008857597,-0.004400641,0.236816909,0.07005662,0.13707579,-0.029814007,0.068520135,-0.004084148,0.108630562,0.155642808,0.129405769,0.045897094,0.061893853,0.091383221,0.03638352,0.137127391,0.130549034,-0.064275147,0.045731242,-0.000495177,0.021944394,-0.024781857,-0.03886832,-0.030086643,-0.007011083,0.115138973,0.019527672,0.035630016
0.012759556,-0.05885018,-0.01960469,0.090472451,-0.019981022,0.059162042,0.143225712,0.022702941,-0.028327946,0.017783537,0.02695063,0.1062196,-0.016990917,-0.089608026,0.034597407,0.026016988,0.029536848,0.069279046,0.061512539,0.005692343,0.076189343,0.099299854,0.02827893,-0.024323197,-0.0000785,0.035391914,0.058264437,0.069745528,-0.031107292,0.06268986,0.009655426,0.050885174,0.040735473,-0.099379452,0.051209833,0.035942481,0.016826528,-0.027317483,-0.044039704,-0.03169162,-0.031487783,-0.044074039,0.073826752,0.003879955,0.028588375,0.052120391,-0.074079999,-0.007249891,-0.065834715,-0.097882335,-0.067277517,-0.012589582,-0.009609589,0.011779629,1,0.029649249,0.035790033,-0.052014389,0.040493136,-0.054659158,0.064910597,0.067064391,0.079883907,0.000965761,-0.05070493,-0.065126714,0.04091548,-0.041252173,-0.073462886,0.068066752,-0.001474466,0.015853192,0.011893487,-0.019278522,-0.029261395,0.109166775,0.068199362,0.023019208,0.019237287,0.000126948,-0.016169821,0.011678404,-0.0066449,-0.041660544,0.068032592,0.039365964,0.045617242,-0.065183481
0.103402054,-0.014964256,-0.047985548,0.061864921,-0.005773882,-0.036095137,0.061079809,-0.034778337,0.045060527,-0.002691961,-0.077066864,0.079829224,-0.041059048,0.036231491,-0.040481391,0.037835765,-0.023689604,0.006624814,-0.046916746,0.119319683,-0.148614771,0.050326994,0.127930759,0.000415947,0.089508606,0.081429862,0.024034246,-0.001971997,0.014718379,-0.024092047,-0.057884333,0.076130992,-0.02416509,0.032857541,0.04002682,0.03358757,0.072157532,-0.046578754,-0.202615519,0.034485422,0.001763158,0.008859981,0.046464693,0.030841662,-0.049354624,-0.023759349,-0.087163995,0.038981882,-0.049100033,0.072392152,0.015569567,0.117059605,0.030425572,0.009034584,0.029649249,1,0.061895118,0.021278732,-0.014616537,-0.010561773,-0.029139298,-0.016719791,0.040852413,0.064641663,-0.039211012,0.076278563,-0.01999705,0.052495353,0.022412842,0.154755388,0.021988544,-0.024101871,0.021191027,-0.047158638,-0.00280749,-0.010608363,-0.050246299,0.002691031,-0.060027949,0.018198784,-0.036520253,0.062340558,0.092619014,-0.066075181,-0.001688188,0.036063051,0.053220951,-0.100646512
0.110522396,0.045105916,0.01076505,0.103763045,0.048351852,0.030587115,0.075772735,-0.080161845,-0.067722727,-0.042781265,-0.073442762,0.222376854,-0.015748358,0.07551949,-0.052101101,-0.066301058,-0.029948397,0.085173954,0.040995647,0.118887704,0.032142182,-0.016643361,0.065113026,0.035933862,0.07526427,0.04379828,0.064183088,-0.031282569,-0.038453396,0.075506889,-0.030669327,0.050146685,0.026825983,-0.108071793,-0.064494699,-0.0183337,0.105625856,-0.021570433,-0.001068632,0.034581088,-0.059458898,0.089292774,0.034512144,-0.004732929,0.02287401,0.020549579,0.15406113,-0.085114681,0.040604437,0.03687892,0.029618785,-0.022919096,-0.004016191,0.042861408,0.035790033,0.061895118,1,-0.063004039,0.009210424,0.156462054,-0.024882671,-0.006344497,0.036036079,-0.039882937,0.026975938,0.081188669,0.061326202,-0.012534913,-0.041852309,0.012909594,0.047898638,0.208211464,0.019401871,-0.015839101,-0.016631582,-0.051914893,-0.006632448,-0.000096,-0.007402577,0.024354025,0.037673219,0.0517175,0.015351927,-0.0059223,0.065433352,0.035867812,0.093940324,-0.027058459
-0.02313309,-0.073063996,0.00222284,0.035438879,0.138310624,-0.038294716,-0.026815984,0.03768486,0.037004612,-0.013787045,0.116286531,0.111560503,-0.009279573,-0.015460382,0.026408255,0.000517239,0.100996175,0.033343009,-0.009501755,0.046043824,-0.043647535,0.006704579,-0.002484814,0.045429489,0.02952505,-0.11145973,0.014452988,-0.03403178,0.108610377,0.053654163,-0.038691494,0.045945504,-0.009189866,0.062114886,0.020751195,0.063499729,0.066727446,0.005579978,0.0123024,-0.006270396,0.037573746,0.03295686,-0.050524667,0.007693233,-0.023349374,0.029707671,-0.006394953,0.082082669,0.069821389,-0.052530464,0.087206449,0.10400919,0.052961866,0.119674128,-0.052014389,0.021278732,-0.063004039,1,0.157689856,-0.099093095,0.056764423,-0.048323864,-0.03536191,-0.022780934,0.034651436,0.06591608,-0.03551535,0.041990918,0.123732525,0.055868397,0.04197499,0.033372975,0.022243937,0.051278422,-0.089470943,-0.01856785,-0.00324024,-0.028870843,0.020955532,0.083989719,-0.009624619,0.068533667,0.049706303,-0.028747871,0.084205451,0.014715966,0.061882503,0.026956314
0.050456141,-0.031321976,0.024953657,-0.022192161,0.154225123,0.022867846,0.052621463,0.017602048,0.00295451,0.050147602,-0.025775017,0.111860815,0.034622989,0.016053542,-0.087349423,0.048531444,0.059335031,0.106438092,0.042641693,0.044438317,0.021545739,0.115514269,0.110379534,0.040936633,-0.059034919,0.096418195,0.046555854,0.022554582,-0.052117015,0.074579716,0.004063523,-0.063370785,0.019987334,0.053185352,-0.033805886,0.023369442,0.074843365,0.083348129,-0.017905779,0.062879986,-0.012454759,-0.001145217,-0.027752315,0.041071107,-0.02964044,0.011205983,0.033819453,0.01687506,0.045178351,0.042659051,0.049354693,0.005550229,0.030158106,0.058500124,0.040493136,-0.014616537,0.009210424,0.157689856,1,-0.026164106,-0.034827515,0.053294819,-0.061695492,-0.029479108,0.029129859,-0.04468428,-0.068226927,0.004264791,0.04904247,-0.005624012,-0.049278552,0.087072846,0.014494116,0.051553797,0.031451487,0.030472713,0.004347516,-0.043743066,0.072299831,-0.014246223,0.028071333,0.027446063,0.063291406,0.028390895,0.022978335,0.060075078,0.089035302,0.0367008
-0.002274008,0.041304978,-0.048842624,-0.028280338,0.013609521,0.112125093,0.103852081,0.011579813,-0.007659925,-0.061883333,0.063320258,0.205098947,0.075252642,-0.010412817,0.039118257,0.00999706,-0.029019101,-0.005024594,-0.006827101,0.322789635,-0.019711919,-0.034649898,0.007419579,0.014263516,0.081090866,0.074087586,-0.006606403,0.032608057,0.003375806,0.21583267,-0.046500661,0.060414479,-0.014066882,0.112019265,-0.030640688,0.053053015,0.061604884,0.053655441,0.022163796,-0.02142956,0.092048147,0.189060712,0.033538637,0.10499609,0.076341266,0.084638925,0.202946955,-0.095753489,0.047755121,-0.002845387,0.099318024,0.059482343,-0.016126004,0.073943442,-0.054659158,-0.010561773,0.156462054,-0.099093095,-0.026164106,1,0.033320423,0.060679908,0.01716598,-0.049657204,0.026062004,0.019368293,-0.08564757,0.022335067,-0.013975581,-0.0861562,0.042353006,0.241631995,0.045999595,-0.003276059,0.021836659,-0.019980401,0.048832314,0.059208998,-0.044914093,-0.000406236,0.031479769,0.016457942,-0.011187235,0.066957625,0.096767213,0.030623271,0.027256005,0.072312395
-0.072907919,-0.00154078,0.033436046,0.015338434,0.043175441,0.09301791,0.024075364,0.081366615,0.114973228,0.012108645,0.094376857,-0.045828473,0.100313281,0.007093305,0.014082664,-0.005849572,-0.002810392,-0.021659109,-0.0077502,-0.005360865,0.095809318,0.008976612,-0.019081638,0.043358922,0.092319753,-0.029288655,0.018003809,0.097864185,-0.01439708,0.062579037,0.001031878,0.10447836,-0.017869541,0.032441048,0.013571981,-0.028947999,-0.030548441,-0.067618851,0.050599325,-0.035483729,-0.045314205,0.045183223,0.023173565,0.065162991,0.022046543,-0.010508662,0.024117323,-0.025671802,0.033166027,-0.041557104,-0.098958225,0.041546137,-0.019923992,-0.008857597,0.064910597,-0.029139298,-0.024882671,0.056764423,-0.034827515,0.033320423,1,0.012777633,0.017097277,0.055781878,-0.027598506,-0.002838158,-0.066822069,-0.111231984,0.017637168,-0.050099999,0.007549246,-0.002554465,0.019589605,0.001482084,-0.033117286,-0.01929792,0.049161725,0.093644409,0.033474623,0.086243094,0.074245637,-0.014248217,0.082321119,0.007401091,0.040215163,-0.019009741,0.124991107,-0.017486419
0.011350015,0.036158723,-0.077718549,0.0147545,0.045251889,0.027232878,0.025928145,0.007533606,0.003043727,-0.022769757,-0.039214297,0.080927559,-0.020781583,0.004393532,-0.028791235,0.001020084,0.03323254,0.078460275,-0.048357172,0.058335198,-0.018630256,0.067756164,0.030045943,-0.082104309,-0.027798158,0.053872208,0.043993503,-0.011842098,-0.039474124,0.067682737,0.079008098,0.072457309,0.048025175,0.098352809,-0.027832481,0.039871964,0.029195841,0.041459565,-0.007791161,-0.001960321,0.001736801,0.034847754,0.032636562,0.02392328,-0.002300444,-0.012349745,0.085098701,-0.002394436,0.056713657,0.000943388,0.020869677,0.051606206,-0.062980878,-0.004400641,0.067064391,-0.016719791,-0.006344497,-0.048323864,0.053294819,0.060679908,0.012777633,1,0.064282915,0.004490457,-0.076220141,-0.072495954,-0.044642187,-0.017321361,-0.000557359,0.011383323,0.020954052,0.007036514,0.01669589,0.086488264,0.025104831,-0.026619541,0.005174042,-0.00609828,-0.078487301,0.069252259,0.018629205,0.065317848,0.035199484,-0.028330167,0.054316335,-0.006027104,0.009873097,0.021928461
0.119822827,0.013023466,0.016661785,0.077661829,0.137087842,-0.021213207,0.006811875,0.035107848,0.088573974,0.041653209,0.077271817,0.151184456,0.014899852,0.060365265,0.084217729,0.110527046,0.002368125,0.076863421,0.070869615,0.015140708,0.09020169,-0.042994258,0.004949739,-0.028785937,-0.036139678,0.027928882,0.045104115,0.173627297,0.096601427,0.011518761,0.029494407,0.165531905,0.001908417,0.033764239,0.108631416,0.07633322,0.020758671,0.020067335,0.115954523,0.05524893,0.045067193,-0.001540647,-0.011700646,0.025600557,-0.016718238,0.003554064,-0.015883156,-0.012231843,0.081738965,0.055658986,-0.030963368,0.077913609,0.196940634,0.236816909,0.079883907,0.040852413,0.036036079,-0.03536191,-0.061695492,0.01716598,0.017097277,0.064282915,1,0.054016391,0.11347077,0.070460348,0.099283513,-0.029869856,0.063834804,0.080139999,0.117193368,-0.04442642,0.00257899,-0.02745555,0.051363678,0.056882697,0.118993391,0.069430109,-0.062786044,-0.022665633,0.004020153,-0.043049433,-0.040339305,0.02069376,0.045510747,-0.041073586,-0.058812958,-0.056218155
0.042959642,-0.004823409,-0.018363336,0.094072012,-0.090125944,0.074635711,0.075547874,0.14701339,0.120889614,0.162846843,0.10218289,-0.035234859,0.077603876,0.099172037,0.040690557,0.102070556,-0.008835556,0.094957372,0.141782714,0.008276683,0.074308742,0.02430635,-0.017827501,0.000519541,0.054669235,0.015803327,0.020059045,0.265600919,0.040646101,0.001260544,0.016719235,0.248127181,0.06446641,0.14617087,0.129683527,0.072609635,0.15305739,-0.041560719,0.172176381,0.138688345,0.003660841,0.101271713,0.044649913,-0.009973811,0.054258892,0.021098082,-0.095372324,-0.007936605,0.033365724,0.126190066,-0.008677364,0.15933185,0.068694356,0.07005662,0.000965761,0.064641663,-0.039882937,-0.022780934,-0.029479108,-0.049657204,0.055781878,0.004490457,0.054016391,1,0.419477049,0.005060325,0.133115553,0.09606053,0.059566565,0.143370677,0.035115996,-0.004513026,-0.092101312,-0.083184839,0.162850486,0.079786883,0.068614736,0.050628718,-0.054474609,0.030318396,0.027914104,0.056349373,0.076466682,0.001236936,0.052261271,0.070850464,0.047218726,-0.033039727
0.068028369,0.027936196,0.045655952,0.079919423,0.04207709,0.029476717,-0.012279351,0.110953485,0.090401489,-0.005989906,0.180836004,0.018178804,0.015895912,0.108168336,0.094651053,0.067194057,0.023203754,0.074532218,0.217893177,0.030654342,0.126993487,0.058055922,-0.023371215,0.017344511,0.029111635,0.064624816,0.074360316,0.162568231,0.113042808,-0.020758439,0.010197449,0.256779823,0.041475594,0.131746665,0.101818781,0.13449991,0.065832271,-0.079375193,0.238270247,0.051999868,-0.047724163,0.027302793,0.057008161,0.044439665,0.059430741,0.036025455,0.001295258,-0.016459301,0.175542938,0.130483018,0.0610793,0.217919706,0.115735434,0.13707579,-0.05070493,-0.039211012,0.026975938,0.034651436,0.029129859,0.026062004,-0.027598506,-0.076220141,0.11347077,0.419477049,1,0.027976702,0.088889553,0.067875981,0.180577534,0.057720008,0.032457853,-0.026957181,-0.017688828,-0.009010688,0.10233873,0.002964404,0.098349615,0.058063003,-0.068725506,-0.056346021,-0.010260214,0.02890371,0.017322216,0.06481267,-0.045542734,0.08892204,0.093906848,-0.065835427
0.100330052,0.036982957,-0.052534642,0.043695693,0.045372531,-0.069857099,-0.057458787,-0.021241995,0.075251791,0.077823292,-0.014395295,0.060922823,0.086335022,0.059856498,-0.004581511,0.000376373,0.055958191,-0.018490807,-0.020413366,0.112504763,-0.017662734,-0.007928621,0.027863969,0.009790987,0.102167091,-0.046889081,-0.002142476,0.000209678,0.031008483,-0.014355738,0.022061395,0.054025292,-0.037055648,-0.021150004,0.054684107,-0.012031401,0.029626387,-0.029478732,0.080156085,0.043691638,0.014717449,-0.013834343,0.013688934,-0.033845587,-0.019844025,0.100014398,-0.025577805,0.06715468,0.046787564,0.096940232,0.061766208,0.066379356,0.039658269,-0.029814007,-0.065126714,0.076278563,0.081188669,0.06591608,-0.04468428,0.019368293,-0.002838158,-0.072495954,0.070460348,0.005060325,0.027976702,1,-0.016425722,0.086441161,-0.07598262,0.035355225,-0.008135696,0.090624407,0.084030453,-0.083045556,0.006185875,-0.072353679,-0.13564369,-0.010124587,-0.02487377,-0.02024278,0.274902625,0.049609645,0.071117983,-0.038645588,-0.040909893,-0.058249704,0.056951224,-0.024732588
0.035879274,0.032438752,0.041090104,0.098749468,-0.087359452,-0.007066016,0.051470493,0.095217618,0.038489816,0.098249395,0.15081237,0.084152721,0.01027193,0.073360745,0.123363022,0.032696794,-0.058869688,0.043239953,0.143133663,-0.03164569,0.092585735,-0.006862414,-0.030769071,0.023680269,0.060967283,0.08590891,0.084898645,0.11691235,0.080492071,-0.061957629,-0.014921406,0.095157377,-0.03864702,-0.063363233,0.042911947,0.060023937,-0.026416818,-0.058944082,0.103144006,-0.009724021,-0.030069892,-0.041676085,0.102243338,-0.056889871,0.041875996,-0.067677925,-0.099218939,0.02754224,0.0399357,0.034885301,-0.036140873,0.099460725,0.070105513,0.068520135,0.04091548,-0.01999705,0.061326202,-0.03551535,-0.068226927,-0.08564757,-0.066822069,-0.044642187,0.099283513,0.133115553,0.088889553,-0.016425722,1,0.082056042,0.08272195,0.119916638,0.099701508,0.014510728,-0.009969314,-0.030464551,0.062572611,0.025207894,0.122546633,0.095830964,-0.06051867,-0.068734918,-0.022461524,0.037102397,0.023996885,-0.0000854,0.051482729,0.084304243,-0.0741951,-0.08806845
0.122598062,0.062252583,-0.075086286,0.04348247,-0.053271086,0.023263477,0.055835748,0.027463588,0.023790289,0.057893568,-0.015957796,0.04160059,0.018203401,-0.006046357,-0.015769775,-0.033921757,-0.02882816,0.003092102,-0.008810619,0.020837947,0.011681072,0.067490483,0.077067431,-0.036173657,0.037952663,0.022134518,0.033357915,0.011045147,0.024317501,-0.062403366,0.043835437,-0.010907289,0.032640614,0.10438428,0.075529328,0.079522959,0.102226545,-0.073496917,0.026752072,0.010824375,-0.033078586,0.104242416,0.120820741,0.035300696,0.055864577,0.001510087,0.017327061,0.055592246,0.051851207,0.063015589,0.175394034,-0.028641929,-0.020333953,-0.004084148,-0.041252173,0.052495353,-0.012534913,0.041990918,0.004264791,0.022335067,-0.111231984,-0.017321361,-0.029869856,0.09606053,0.067875981,0.086441161,0.082056042,1,-0.05045822,0.101195425,-0.002336714,0.043821336,0.057332877,0.048907172,0.067764833,-0.077408744,-0.082792357,0.102525378,-0.084767318,0.089414357,0.041323455,0.033354077,0.053511248,-0.081281521,0.010039953,-0.090422203,0.007284227,0.010506129
-0.003891031,0.037447316,-0.043034365,-0.015954209,0.043037643,-0.035622379,0.08090546,0.090113698,0.009402153,0.124713784,0.18952718,0.078806482,-0.095848617,0.160050124,0.166443529,0.167423758,0.179987913,0.069656529,0.080756872,0.096270864,0.045415137,0.031442051,0.009167053,-0.036343765,-0.027309663,-0.028068445,0.092878898,0.156401677,0.099189981,-0.036308823,0.032898581,0.140001804,-0.054293356,0.091758321,0.107130919,0.192794152,-0.024977515,0.073473132,0.121410251,0.136280275,0.026863304,0.057324415,-0.053034083,0.036510959,-0.043681948,-0.020745262,0.104281138,-0.008969999,0.0576839,0.127140259,-0.063867573,0.22638061,0.135842255,0.108630562,-0.073462886,0.022412842,-0.041852309,0.123732525,0.04904247,-0.013975581,0.017637168,-0.000557359,0.063834804,0.059566565,0.180577534,-0.07598262,0.08272195,-0.05045822,1,0.277860956,0.249123784,0.044240181,0.071232322,-0.018922734,0.092745809,0.057509777,0.1076209,0.020812204,0.087750809,-0.06443296,-0.094618586,0.076366307,0.031139486,-0.094005838,0.102520879,0.162621029,0.003178394,-0.039758073
0.083084618,0.023563575,-0.069700711,0.106992079,0.018361213,0.020060724,0.025414973,0.036789423,0.018489527,0.082236095,0.078840045,0.087542535,-0.007681016,0.056541081,0.023524533,0.092509389,0.077410381,-0.015407242,0.038992029,0.044407511,-0.064810188,-0.037190641,0.015068043,-0.029510639,0.05381246,0.003306907,0.076048515,0.082800178,0.120928274,-0.046775467,-0.031839756,0.13184249,0.034111652,0.028719484,0.075987858,0.104033958,0.026548454,-0.01841135,0.061994593,0.105906777,0.049599125,0.047451895,0.042306991,0.037970066,-0.050559784,0.008871964,-0.012912226,0.034798501,-0.019808411,0.174836897,-0.03337616,0.117896948,0.082332298,0.155642808,0.068066752,0.154755388,0.012909594,0.055868397,-0.005624012,-0.0861562,-0.050099999,0.011383323,0.080139999,0.143370677,0.057720008,0.035355225,0.119916638,0.101195425,0.277860956,1,0.139670492,-0.049426233,0.096494816,-0.047596701,0.05724908,0.017411595,0.012889916,0.007552331,0.005869109,0.009646387,-0.09520027,0.043674286,-0.010157716,-0.125055862,0.007815855,0.028933216,-0.028266009,-0.046794043
0.094612513,0.002302599,-0.019480232,0.015713795,-0.011023664,-0.00128334,-0.003082152,0.115520851,0.081397337,0.091862076,0.159166059,0.011436762,-0.050822592,0.095902089,0.151285381,-0.004081527,0.091492529,-0.0279824,-0.012468963,-0.028205412,-0.018327937,-0.011171301,-0.015402912,-0.011325906,0.023468556,0.020448354,0.035173627,0.179157483,0.115964428,-0.077944111,0.047067179,0.0084109,0.02168499,0.034715965,0.061255844,0.106877887,0.013562684,0.088503149,0.167880846,0.069858389,0.0340135,0.036952937,-0.004557564,-0.002904957,-0.038018829,0.059212398,-0.016793548,-0.016881146,0.056641577,0.091169569,0.014396335,0.181242927,0.088589281,0.129405769,-0.001474466,0.021988544,0.047898638,0.04197499,-0.049278552,0.042353006,0.007549246,0.020954052,0.117193368,0.035115996,0.032457853,-0.008135696,0.099701508,-0.002336714,0.249123784,0.139670492,1,-0.001118341,0.138317603,0.051009158,0.128629818,0.051305179,0.091908551,-0.011995088,0.036009173,-0.002528468,-0.124890469,-0.0229719,0.071798744,-0.080112291,0.093939942,0.059968778,-0.062279677,-0.000641474
0.052082512,-0.006042582,-0.070108669,0.046371862,0.039283859,0.058654785,0.197079789,0.105708361,-0.063884543,0.036489026,-0.011091976,0.198336623,-0.007761994,0.016467881,0.026258935,0.026953529,-0.002559456,0.027376336,-0.008866035,0.249431624,0.022633225,-0.064911259,0.016385214,0.065585898,0.119516545,0.013138171,0.021193407,0.097259023,-0.04263545,0.217327218,-0.042153382,0.042003091,-0.028008467,-0.027511818,-0.055585901,0.111119745,0.137876867,-0.013534003,0.037737295,0.086980673,0.026128773,0.224970113,0.040026592,0.022342182,0.008431687,0.030308083,0.108392473,-0.005417387,0.007431819,0.004108648,0.061000984,0.025303267,-0.043265813,0.045897094,0.015853192,-0.024101871,0.208211464,0.033372975,0.087072846,0.241631995,-0.002554465,0.007036514,-0.04442642,-0.004513026,-0.026957181,0.090624407,0.014510728,0.043821336,0.044240181,-0.049426233,-0.001118341,1,0.096450154,0.005083525,-0.030682151,0.036764148,-0.053661787,0.005798901,0.043897634,-0.003790336,0.029541855,0.068983709,-0.009919436,-0.090520812,0.146359149,0.088102569,0.069741796,-0.003808672
0.03564752,0.015082563,-0.005979281,-0.080333883,0.075445737,0.115485739,-0.006899077,0.050294745,-0.020799496,-0.004182403,0.044408748,0.067108748,-0.042234827,-0.102622444,0.006432029,0.007126856,0.029970204,-0.015175786,-0.092615851,0.110187736,0.009048345,0.021140718,0.005855267,-0.055906512,0.00095558,0.031207007,-0.037065156,-0.011549324,0.035897703,-0.053389292,-0.007547108,0.036884355,0.000454429,-0.009757333,0.05608218,-0.023029044,0.034754089,0.051790254,0.013225312,-0.012575435,0.05466545,0.053297695,-0.035125144,0.004353187,-0.032276188,0.0769,0.077324267,0.012128689,-0.026215476,0.074921702,0.051624702,0.015332871,-0.010546836,0.061893853,0.011893487,0.021191027,0.019401871,0.022243937,0.014494116,0.045999595,0.019589605,0.01669589,0.00257899,-0.092101312,-0.017688828,0.084030453,-0.009969314,0.057332877,0.071232322,0.096494816,0.138317603,0.096450154,1,0.10268902,0.048427986,-0.02254699,-0.008049019,-0.026621045,0.014258145,-0.030665018,-0.038403315,0.038550687,0.181033293,-0.069564174,-0.06222736,0.019686061,0.009145424,-0.072220129
-0.048154913,-0.086324412,0.085414812,0.009389516,0.014109245,0.073678609,-0.025560254,0.064536146,0.021312919,-0.06871806,0.027484035,0.039992423,-0.047898726,-0.089765548,0.005292769,-0.095942383,0.006212516,0.064621435,0.011796626,-0.034658239,-0.01556645,0.073299804,-0.036617956,0.015795452,-0.002797245,0.009059229,0.042425787,0.053427795,-0.072666758,-0.048483726,0.083015943,-0.044794613,0.065561522,0.033334067,-0.077825262,0.025284952,-0.001888992,0.04999687,0.00852704,0.044853214,0.003621466,0.012186614,-0.004519965,-0.11268454,0.017168944,-0.026954795,0.000175884,-0.007845693,0.07969895,-0.005474751,0.054486261,-0.011901828,-0.097164084,0.091383221,-0.019278522,-0.047158638,-0.015839101,0.051278422,0.051553797,-0.003276059,0.001482084,0.086488264,-0.02745555,-0.083184839,-0.009010688,-0.083045556,-0.030464551,0.048907172,-0.018922734,-0.047596701,0.051009158,0.005083525,0.10268902,1,0.10793522,0.034343425,0.104168432,0.016689666,-0.029675931,-0.021280021,0.002197673,-0.003034455,0.06698724,0.035798745,-0.059635719,-0.060370765,-0.000921874,0.004064781
0.006392276,0.013280909,0.077782806,0.108541245,0.028297724,0.066264956,-0.041304726,0.127632844,0.132608647,0.112788655,0.087506823,0.036933357,0.016053024,0.043744008,0.129871232,0.02438927,0.025040119,0.162502166,0.069730137,0.076799389,0.0579806,-0.012208518,-0.073162414,-0.019157901,-0.005212792,0.036887672,0.038964577,0.212454433,0.01473416,-0.017563684,0.09573383,0.103452087,0.0526872,0.067757244,0.063603329,0.062447663,0.044640654,0.123067802,0.244595516,0.408211134,0.024531929,0.049347932,0.013982531,-0.042807264,-0.024698296,0.002006893,-0.013298134,-0.072751813,0.094514978,0.123656734,-0.034362733,0.237089233,-0.006854754,0.03638352,-0.029261395,-0.00280749,-0.016631582,-0.089470943,0.031451487,0.021836659,-0.033117286,0.025104831,0.051363678,0.162850486,0.10233873,0.006185875,0.062572611,0.067764833,0.092745809,0.05724908,0.128629818,-0.030682151,0.048427986,0.10793522,1,0.037361181,0.066642149,0.014351578,-0.039206696,-0.064896206,-0.026675516,0.006081006,0.013714719,-0.027926947,0.030777521,-0.015234171,-0.017366641,0.018757792
-0.028511702,-0.084107693,0.023846061,0.06061731,0.018185965,-0.00777386,0.071722312,0.011062771,0.078282218,0.105284722,0.074572669,-0.003871271,-0.034367989,0.102816953,0.133833672,0.084299785,0.109396133,0.03952259,0.00093021,-0.048727238,0.027903238,-0.00810292,0.077522358,0.088118927,-0.04752822,-0.021980009,0.081772226,0.147939329,0.018557765,0.046925401,-0.04923327,0.035781455,0.097326195,-0.050457932,0.042380446,0.185705577,0.026482192,0.040589249,0.061365242,0.166572148,0.113768365,0.030958232,-0.001585116,0.007034888,0.091547827,0.032868427,-0.053268764,0.069517323,0.037943447,0.047799278,-0.0014735,0.087017316,0.019662933,0.137127391,0.109166775,-0.010608363,-0.051914893,-0.01856785,0.030472713,-0.019980401,-0.01929792,-0.026619541,0.056882697,0.079786883,0.002964404,-0.072353679,0.025207894,-0.077408744,0.057509777,0.017411595,0.051305179,0.036764148,-0.02254699,0.034343425,0.037361181,1,0.249334439,-0.047566045,0.15377307,-0.005148494,-0.059059041,-0.040290085,0.025199636,0.072980667,0.059882528,0.108134381,0.011946716,0.030647603
-0.004961703,-0.004923921,0.041986526,0.1373705,-0.026049757,0.116255981,0.083967082,0.115001585,0.068986228,0.045051414,0.136156967,0.089167501,-0.019519466,0.071172328,0.20794303,0.042094614,0.026333379,0.066342806,0.097873611,-0.064925889,0.210786932,-0.022233007,-0.06896271,-0.043697118,-0.033777811,0.075269981,0.150776977,0.208467924,0.07054698,0.051533998,0.023826967,0.137213925,-0.044745741,0.038038217,0.085496372,0.030123244,-0.014940027,0.121598013,0.124618333,0.095398662,-0.007412395,-0.010371833,0.014522168,-0.072639388,0.019829177,-0.026391532,-0.037801074,0.004395138,0.086534378,0.025439775,0.000277488,0.070907317,0.063629907,0.130549034,0.068199362,-0.050246299,-0.006632448,-0.00324024,0.004347516,0.048832314,0.049161725,0.005174042,0.118993391,0.068614736,0.098349615,-0.13564369,0.122546633,-0.082792357,0.1076209,0.012889916,0.091908551,-0.053661787,-0.008049019,0.104168432,0.066642149,0.249334439,1,0.059943587,0.00588088,-0.007991934,0.022015233,-0.002051646,0.014824979,0.085454352,0.043415086,0.159495629,-0.019220408,-0.037840502
0.041536571,-0.050608867,0.031290583,0.023704873,-0.03048598,0.044997494,0.076057568,-0.005674753,0.031178803,-0.00575267,0.03471955,0.084223347,0.012664483,-0.041210802,0.02407483,-0.048008247,-0.027715285,0.03775977,0.059118312,-0.004492976,0.051498275,-0.010655884,-0.0000813,-0.013814354,0.053141958,0.09993811,0.161109553,0.074661098,0.044984737,0.00575542,-0.014133806,0.078784336,0.019772805,0.037642626,0.080943125,0.07231134,-0.023937964,0.02073181,0.071064388,-0.055752426,-0.112241249,-0.016814691,0.163552849,-0.037870665,0.064098043,-0.100375337,-0.034602944,-0.060688117,0.094671917,0.008357511,-0.033411546,0.014324663,-0.059534998,-0.064275147,0.023019208,0.002691031,-0.000096,-0.028870843,-0.043743066,0.059208998,0.093644409,-0.00609828,0.069430109,0.050628718,0.058063003,-0.010124587,0.095830964,0.102525378,0.020812204,0.007552331,-0.011995088,0.005798901,-0.026621045,0.016689666,0.014351578,-0.047566045,0.059943587,1,-0.017849616,-0.047661027,0.037669967,0.096574277,0.085730189,-0.022506567,-0.00285,-0.057470711,0.295413551,-0.009417891
0.048695309,0.00663729,0.026781925,0.01103404,0.040743034,0.039503361,0.040897498,-0.012662164,-0.036121063,0.063557254,-0.020876391,-0.063753416,-0.023941323,0.031246325,0.062359014,0.03554871,0.063100614,0.012909213,-0.042127426,-0.038684649,0.047909335,-0.083065422,0.058153068,0.020252913,-0.036127412,-0.091516627,0.04253337,0.100699437,0.047379024,0.059395128,0.033178591,-0.038666518,0.064155249,-0.071988088,-0.028016928,0.016923207,-0.032819721,0.048919064,0.099924595,0.084995358,0.048159072,-0.00829464,-0.104788802,-0.018617309,-0.07116066,-0.011262598,0.046334327,0.079593112,-0.057519251,0.001157634,-0.08546251,0.032942545,-0.016565236,0.045731242,0.019237287,-0.060027949,-0.007402577,0.020955532,0.072299831,-0.044914093,0.033474623,-0.078487301,-0.062786044,-0.054474609,-0.068725506,-0.02487377,-0.06051867,-0.084767318,0.087750809,0.005869109,0.036009173,0.043897634,0.014258145,-0.029675931,-0.039206696,0.15377307,0.00588088,-0.017849616,1,0.009433941,0.010843965,0.055553078,0.053699451,-0.018911462,0.026971245,-0.002465225,-0.008905555,0.093848876
0.007635818,0.074710659,0.044516223,-0.033076256,0.021041649,0.087213919,-0.055509462,0.023810745,0.035800835,0.085971768,-0.020953709,0.074846238,-0.083993629,-0.007527849,-0.042019601,-0.001698313,0.006328286,0.057426174,-0.01733284,0.024781974,0.052434161,0.00544118,0.01617977,0.038251504,0.095894682,0.010846457,0.004069212,-0.066251257,0.091167461,0.094153841,0.01032335,0.040711118,0.076887825,0.018189511,-0.019923365,-0.035543204,0.129099268,-0.041842197,0.000528547,-0.080154344,0.064126659,0.122311118,-0.107744146,0.091520434,-0.015172912,0.09909816,-0.023721703,0.039217695,-0.065589582,-0.035378827,0.096604413,-0.010329042,0.073609087,-0.000495177,0.000126948,0.018198784,0.024354025,0.083989719,-0.014246223,-0.000406236,0.086243094,0.069252259,-0.022665633,0.030318396,-0.056346021,-0.02024278,-0.068734918,0.089414357,-0.06443296,0.009646387,-0.002528468,-0.003790336,-0.030665018,-0.021280021,-0.064896206,-0.005148494,-0.007991934,-0.047661027,0.009433941,1,0.046123227,-0.016353259,0.107776186,0.009341296,0.042289206,-0.013760769,0.039808322,0.004811071
0.022700571,0.021767187,0.053742215,0.011694112,0.041904659,0.04784838,-0.0239582,0.109591591,0.066627678,-0.004593073,-0.006508809,0.03736733,0.044657349,0.005764946,0.049671141,-0.016293394,-0.070635437,0.083427147,0.061047406,0.057462081,0.122777956,-0.022430203,0.045030609,0.067738659,0.071180143,0.024405745,-0.050469109,-0.019709204,0.056787331,0.067810928,-0.024236252,0.070012927,-0.061012626,0.009278937,0.003965597,-0.105808045,0.129922267,0.013921621,0.050243254,0.033187923,-0.07912065,0.056862777,0.07393414,0.031640679,0.097919246,0.089483531,-0.001138187,0.050771622,0.072446013,-0.011820786,0.009262436,-0.01338503,-0.110763266,0.021944394,-0.016169821,-0.036520253,0.037673219,-0.009624619,0.028071333,0.031479769,0.074245637,0.018629205,0.004020153,0.027914104,-0.010260214,0.274902625,-0.022461524,0.041323455,-0.094618586,-0.09520027,-0.124890469,0.029541855,-0.038403315,0.002197673,-0.026675516,-0.059059041,0.022015233,0.037669967,0.010843965,0.046123227,1,0.061025411,0.072396373,0.091663976,0.010535408,0.102090451,0.014352428,0.089560406
0.041541453,-0.035126849,0.003151428,0.023340453,-0.05997492,-0.055402672,0.045372907,0.054697776,-0.068732592,0.078305576,-0.029699946,0.150986255,0.007825751,0.060719206,0.034691465,-0.103850732,-0.006375233,0.151682297,0.028765928,0.067308324,0.046746039,-0.012777567,-0.024945456,-0.037434841,0.045739503,-0.038595862,0.061454161,0.019518863,0.110104656,0.025220662,-0.059481695,0.123988883,0.015843804,0.035185644,-0.050120102,-0.018826189,0.100132179,-0.002270108,-0.010860806,-0.029507785,0.032588885,-0.027736374,-0.030687774,-0.036756643,-0.000382473,-0.083067236,-0.029782012,0.068068409,0.040084918,-0.043209639,-0.01529657,0.080723878,-0.027475514,-0.024781857,0.011678404,0.062340558,0.0517175,0.068533667,0.027446063,0.016457942,-0.014248217,0.065317848,-0.043049433,0.056349373,0.02890371,0.049609645,0.037102397,0.033354077,0.076366307,0.043674286,-0.0229719,0.068983709,0.038550687,-0.003034455,0.006081006,-0.040290085,-0.002051646,0.096574277,0.055553078,-0.016353259,0.061025411,1,0.013194709,0.019805505,0.068237606,0.044659436,0.02987542,-0.006947627
0.077079344,0.063993448,0.026676365,-0.000703726,0.050096465,0.119189545,0.052380792,-0.014321842,0.039436715,0.022566434,0.016489695,0.089071983,-0.048674949,-0.020186161,0.021742889,-0.010689134,0.02021301,-0.01553791,-0.043892489,0.094220055,-0.037118963,0.049464644,0.050163727,0.033947854,0.151342767,0.068691385,-0.029956387,-0.03070301,-0.044346077,0.033487094,0.072101686,-0.047068062,0.034175214,0.08954378,0.104405604,0.011323685,0.112866201,-0.026402777,0.00470467,-0.02611379,-0.025085109,0.032494952,0.040153454,-0.055861892,0.013948952,0.05190822,-0.023706783,-0.017903653,-0.030283338,0.140843786,0.000193161,0.02689593,0.019766102,-0.03886832,-0.0066449,0.092619014,0.015351927,0.049706303,0.063291406,-0.011187235,0.082321119,0.035199484,-0.040339305,0.076466682,0.017322216,0.071117983,0.023996885,0.053511248,0.031139486,-0.010157716,0.071798744,-0.009919436,0.181033293,0.06698724,0.013714719,0.025199636,0.014824979,0.085730189,0.053699451,0.107776186,0.072396373,0.013194709,1,-0.051526156,-0.003709382,-0.011187728,0.031218325,-0.016915732
-0.03574306,0.006569971,0.023484895,-0.032933259,-0.015647377,0.069270522,-0.072962325,-0.000413413,0.089611309,-0.014763289,-0.036305871,-0.016079166,0.027543788,0.019839229,-0.002075365,0.018103922,-0.024791647,0.096741648,0.036869029,-0.147608513,0.049936233,0.017426848,-0.032224592,0.135422136,-0.035116623,0.023843803,-0.039322504,0.016353797,0.025537994,0.02372335,-0.073375938,-0.00412647,-0.021153215,0.008308216,-0.125174293,-0.068009472,0.025453012,0.014088225,-0.046181695,-0.038750872,0.030278237,-0.032404049,-0.073733555,0.000221558,0.031157121,0.036363352,-0.041114308,0.029785699,0.019656733,-0.022460422,-0.004105654,-0.056517965,-0.032993143,-0.030086643,-0.041660544,-0.066075181,-0.0059223,-0.028747871,0.028390895,0.066957625,0.007401091,-0.028330167,0.02069376,0.001236936,0.06481267,-0.038645588,-0.0000854,-0.081281521,-0.094005838,-0.125055862,-0.080112291,-0.090520812,-0.069564174,0.035798745,-0.027926947,0.072980667,0.085454352,-0.022506567,-0.018911462,0.009341296,0.091663976,0.019805505,-0.051526156,1,-0.009265211,0.134379092,0.007395253,0.029597312
0.058119002,-0.032866424,0.002441584,0.077120458,0.052691912,0.046859341,0.149602314,0.059092334,0.022459871,0.074276807,0.030628953,0.166480961,-0.058584939,0.039121154,0.023362726,-0.005788905,0.080162718,0.024086963,-0.004577446,0.214441501,0.005730846,-0.039987803,-0.013726948,-0.040891024,-0.070653971,0.003974388,-0.092369682,0.095030248,0.067522021,0.131309891,-0.000286731,0.050450997,-0.05445453,0.028715063,0.043152946,0.047859191,0.139798807,0.113849135,-0.009075792,0.070942047,-0.003509512,0.255797039,-0.015968779,0.038596921,-0.047332967,0.071071879,0.073409101,-0.024121823,0.003455329,-0.004437678,0.03243952,0.046155851,0.002263199,-0.007011083,0.068032592,-0.001688188,0.065433352,0.084205451,0.022978335,0.096767213,0.040215163,0.054316335,0.045510747,0.052261271,-0.045542734,-0.040909893,0.051482729,0.010039953,0.102520879,0.007815855,0.093939942,0.146359149,-0.06222736,-0.059635719,0.030777521,0.059882528,0.043415086,-0.002849337,0.026971245,0.042289206,0.010535408,0.068237606,-0.003709382,-0.009265211,1,0.073483274,-0.031885507,-0.008178601
-0.005772257,0.004676084,-0.008547118,0.098331038,-0.033346174,0.039274585,0.069519626,0.142738618,0.122476633,0.094272236,0.284696853,0.082529163,-0.065540082,0.143281672,0.055880833,0.087815091,0.112846933,0.09294961,0.08948236,-0.020851689,0.096778662,0.028059713,-0.013084424,0.023540712,0.006435385,0.036099294,-0.016613286,0.091151537,0.09098393,0.013055203,-0.086028148,0.140276677,-0.068976548,-0.022816014,0.037408787,0.064348196,0.102895825,0.045271203,0.036036449,0.123148691,-0.033000076,-0.016559656,0.020950179,-0.009009939,0.041847454,-0.000429508,-0.04200741,0.001843058,0.03919453,0.097592836,-0.007342027,0.129679741,0.120313974,0.115138973,0.039365964,0.036063051,0.035867812,0.014715966,0.060075078,0.030623271,-0.019009741,-0.006027104,-0.041073586,0.070850464,0.08892204,-0.058249704,0.084304243,-0.090422203,0.162621029,0.028933216,0.059968778,0.088102569,0.019686061,-0.060370765,-0.015234171,0.108134381,0.159,-0.057470711,-0.002465225,-0.013760769,0.102090451,0.044659436,-0.011187728,0.134379092,0.073483274,1,-0.003289772,0.012170865
0.052271819,0.026776863,-0.06416079,0.069144692,-0.000626316,-0.031142926,-0.003144087,-0.02238201,0.032075731,-0.007839914,0.072371156,0.032035567,0.06323205,-0.041964692,-0.021711646,0.037357678,0.043519624,0.054091972,-0.041541077,0.033748638,0.075772306,0.088194502,0.023139573,0.04046813,0.04912474,0.079514421,0.050761531,-0.014071513,-0.023577108,0.043294292,-0.034771839,0.084456977,0.021946458,-0.022082815,0.003742452,0.041351302,0.030951625,-0.078892952,0.038461666,0.006504097,0.01861681,-0.002672593,-0.015518819,0.022287785,0.104174117,0.049304908,-0.058493528,0.028187723,0.122306156,0.060955936,-0.020291022,0.066875657,0.032794845,0.019527672,0.045617242,0.053220951,0.093940324,0.061882503,0.089035302,0.027256005,0.124991107,0.009873097,-0.058812958,0.047218726,0.093906848,0.056951224,-0.0741951,0.007284227,0.003178394,-0.028266009,-0.062279677,0.069741796,0.009145424,-0.000921874,-0.017366641,0.011946716,-0.019220408,0.295413551,-0.008905555,0.039808322,0.014352428,0.02987542,0.031218325,0.007395253,-0.031885507,-0.003289772,1,0.012727713
-0.044937394,-0.006301808,-0.014343533,-0.047712221,-0.040687418,-0.026416818,-0.046643473,-0.005365569,0.061252077,0.031229043,-0.023558831,-0.030966745,0.068039741,0.108957426,0.024952238,-0.015918128,0.123550838,0.062171364,0.027224839,-0.008488477,0.08264656,0.29745437,0.014003608,-0.016462795,-0.034416061,-0.025574757,0.082477162,0.0110289,0.110543481,0.032811181,0.008193124,-0.038137988,0.292618263,0.038173535,0.025695409,0.072792616,-0.019501721,0.089227903,0.040652941,0.088983613,0.017897108,0.053173079,0.022711784,-0.016941403,-0.006130212,0.017931964,0.128853322,0.045155319,0.060332002,0.049758111,0.0387432,-0.02053871,0.006862761,0.035630016,-0.065183481,-0.100646512,-0.027058459,0.026956314,0.0367008,0.072312395,-0.017486419,0.021928461,-0.056218155,-0.033039727,-0.065835427,-0.024732588,-0.08806845,0.010506129,-0.039758073,-0.046794043,-0.000641474,-0.003808672,-0.072220129,0.004064781,0.018757792,0.030647603,-0.037840502,-0.009417891,0.093848876,0.004811071,0.089560406,-0.006947627,-0.016915732,0.029597312,-0.008178601,0.012170865,0.012727713,1
